name,uri
Tom Johnston,77vFMS6JGC1VvpBh60OCRr
Sugarhill Gang,7zliF6Q946WznVk3ZMYhZX
Steve Forbert,3oAbjWINfcTSAuVUlXXMty
The Boomtown Rats,40oYPr305MsT2lsiXr9fX9
Utopia,4oAZA3aniPjL9XINSvj7VP
Felix Cavaliere,74wxdlP4utkNZrtAL0mKrQ
Charlie Dore,5rWIUjXLlUngm23tFkNs7Z
Lipps Inc.,0lwRI7lvmlRY5DiA5Xa6wQ
Bernadette Peters,1lIG8lqWxus7LqThGUXMa1
Gary Numan,5KQMtyPE8DCQNUzoNqlEsE
Bruce Cockburn,4sh4MHP7lhrSUakxwZzwqz
Spider,6P7kkhED6EPrfoZuxz20Fo
Rodney Crowell,4QIJ2i8I6urte2scKgkVoY
Robbie Dupree,3jrgftS3TYbNxcPt5itKhz
Change,0mnruuV4CcKu7Ux7kBZ5sa
Rocky Burnette,6JGUkLiRAWMNYaHdUCIUvC
S.O.S. Band,6ucSqPKWD0QdphhjNrVnUf
Ali Thomson,57BUG40Gg14VfiPiK9KedB
Benny Mardones,6ZalUpnU8HaHSjROM92Txw
Johnny Lee,45rAZqRt5nUUMatQzk8qJu
Larry Graham,6lUcc15t11bnaPr2qOuFs2
Amy Holland,14cTO4S2dPhz4XuVEMMX3v
Larsen-Feiten Band,614GyAJSc7xbA6oYTvTLsB
Devo,1d4uM0g9449nE9TV5KeWch
Jimmy Hall,2LorJQEiLTxNDsJ3jVrQNi
The Vapors,4K3NWDwBIxgktui14SccR2
Don Williams,4Ti0EKl2PVEms2NRMVGqNe
The Korgis,69zRcOlNdSZ17VfIZe4VU3
Delbert McClinton,3Ri72CuuQSCLLkDRJgniFU
Tierra,4JqzwqRUOCEHeIVRDWG5Jv
Donnie Iris,4kveDT8ylFciq1mdeYcIvw
Phil Seymour,2ut1VNKTLERpjYf2uljNWn
Yarbrough & Peoples,0rJcrQfLLtWSJAKbZPk6NV
Terri Gibbs,53I5L1MaOYGfbRM1uZ80xg
"Grover Washington, Jr.",05YVYeV4HxYp5rrWalvuE1
John O'Banion,3q143cJhNgGc8GUqJKOzcZ
Get Wet,6PLYGa9KdPoZf4pwM1ym2l
Jesse Winchester,0LQrsY8CFvCyUAqAtiiVxw
Lee Ritenour,1nDqTUspmq8IXhcEZT93iq
Carole Bayer Sager,6yjU0SoX3vxPV7KoopXlWe
John Schneider,5dk1fnALF9pkgCllupjX2M
Frankie Smith,0CcGsPdBvdYS0JuxrTvTIF
Jim Steinman,2V3UNup4XHyqdCOGcQai1d
Robbie Patton,3miml2boHbHMz3dlMfsuBw
Point Blank,5Nz0G9zAjZVmIgqtGfHham
Silver Condor,29depPcBWPGMjwZeqJHbQi
Balance,2fgl3me4n9diODTrVfruF3
Diesel,1d4uM0g9449nE9TV5KeWch
Chris Christian,0XwVARXT135rw8lyw1EeWP
Chilliwack,3TkWygOTDBZXAdFDh9HOkG
The Plimsouls,7BnikuGfXRWkGLJCWS1y9P
Tommy Tutone,1n2LWYgwtGp7EzDapUoniE
Sneaker,1EJWNhiYbOyeUHbsS7Kp1P
Quarterflash,3VJakY5Yw5phAOF4Bada5v
Eddie Schwartz,6fJGQ0FutKyoxsQPP806wA
Skyy,1d1rh6BlGzeXaj67hVeDXe
Prism,0SxMFbx9jy8q9pGSJoopmf
Buckner and Garcia,3byVCnJiYgvRU7y5VsMHJI
Dr. Jeckyll & Mr. Hyde,7rxyGNqJCod2DVTBubSTyt
Josie Cotton,3cLCoFmTc8zHOP26agi4dC
Bertie Higgins,4qzZ6bMrjK27yHGVjs4Pvq
LeRoux,6055P8DekQCGx47sckcoIF
Junior,7Gi6gjaWy3DxyilpF1a8Is
Tom Tom Club,1m24736Bdew1oQVxTePOCo
Greg Guidry,7roC13N5Y9u1X6L95ngCqJ
Vangelis,4P70aqttdpJ9vuYFDmf7f6
Charlene,52o9SO5Qt09Vr9bDCbTbmu
Bow Wow Wow,7352aRY2mqSxBZwzUb6LmA
Aldo Nova,3jtTd1E9mBxYYU987s32Fm
Chéri,1c70yCa8sRgIiQxl3HOEFo
Rainbow,4hz8tIajF2INpgM0qzPJz2
Patrice Rushen,1mNnxxnPfHQDOkFjnZmdkc
Dazz Band,4n7L1vYXp4Dt0HfxaLBj9l
The Monroes,7GKYxdVAqmxv4ie9tTT28f
Soft Cell,6aq8T2RcspxVOGgMrTzjWc
Larry Elgart and His Manhattan Swing Orchestra,0R6Oa8qhUXdLRFL8Hiytgn
Eye to Eye,7omnn7IRrrxdMwSwchVxNP
The Waitresses,57AKOY1SF1062tuVzgAPv8
Karla Bonoff,1ZIMtrSe8sINPurERT4tRa
Leslie Pearl,3QckMzDoqCxIjwJJE1Prpl
Jennifer Holliday,2ju2ZxMe9yBOnt1MkWo32t
Marshall Crenshaw,73YLmyaazO66GncUVHP0KV
Frank Zappa,6ra4GIOgCZQZMOaUECftGN
Tane Cain,2FHGHF93kp2cFmJQijoVoq
A Flock of Seagulls,0uAjBatvB4ubpd4kCfjmNt
Sylvia,4Ej7Oks6loB2oJQ3O7Rujs
Donald Fagen,0S1SjYebdSaiMpI8xSW2Wb
Toni Basil,59hMeIYY3k3NoX54rrVGPv
The Weather Girls,19xz1vcuKNjniGEftTOSSH
Modern English,0fYPQBOx0vsRMmjUba9HgF
Moving Pictures,089zDeJWWSaHm6JE4V3ser
Pia Zadora,4xOk8sG1KBfhKhR4BOq7Mc
Musical Youth,2CuzDPkRD6BJBvdWqCrt2I
Saga,15MhssYzR2iVJ9M3dJtsqm
Vandenberg,3hAv15rFpsTe7zteKhhJTx
Rodney Dangerfield,4y9clGQlMhZyKADUMq7PA2
Frida,7sP4SQ0WY6jfps1I19Ot7i
Toto Coelo,6J9jWZeMO2D14IJEO1gbmr
Michael Sembello,771qBvjnXOH9Azr6lKy6FB
Dexys Midnight Runners,4QTVePrFu1xuGM9K0kNXkk
OXO,4AGwPDdh1y8hochNzHy5HC
After the Fire,194g4SFwSSzyPtgkH7v3Cx
Wall of Voodoo,6zPcUezmkw9aGjoRlBxYxw
Gary Portnoy,53U1IJqr6Hhmn53UcbgF7D
Patrick Simmons,1kZxI5FlVdFxgoRaiJ8hf0
Thomas Dolby,2Uz58cSxlJgefDaSikxYQ7
Naked Eyes,3C6chBmZ9wzisBhoh8G2nK
Jim Capaldi,1XIbUq7y7kiMUhmp5dywGx
Ebn Ozn,3pfQPrQ6DivllubZx7Zbrh
Eddy Grant,6j2HWcd7z61iTLbi8eD0hA
Kajagoogoo,0f3kLT4wvi2mFHlHJgV8Hl
Madness,4AYkFtEBnNnGuoo8HaHErd
Martin Briley,0kQXfNK3qQhHzHrR078qvN
Charlie,6VuMaDnrHyPL1p4EHjYLi7
Taco,5V0h1vN2Kayj07snZ9i7r9
Men Without Hats,34PLzyi7CdXUekiLHYyqXq
Frank Stallone,3BucZwouCkpiGi2UxqfWn9
Spandau Ballet,2urZrEdsq72kx0UzfYN8Yv
Klique,3UaboOtEazIf63QcdCgWdP
Fiction Factory,6T6T5RCps6bHzTSDq8pyFj
Agnetha Fältskog,7fUtt9kVZOyn9LWy0JbDRI
Big Country,1h8YIw9HLr6E8gdXVDRbVJ
Peter Schilling,7ip3CWlgPZbQHvgJpmcGSS
Matthew Wilder,3bmFPbLMiLxtR9tFrTcKcP
Jump 'n the Saddle Band,7aj6bmxkQRsJRYcUHXj4lC
Deborah Allen,0WO15UbgUyKKtn1anzZP5u
Rockwell,3xs0LEzcPXtgNfMNcHzLIP
Shannon,7bgWYLE4XMlxWcenBQfvf2
Nena,6Tz0QRoe083BcOo2YbG9lV
Re-Flex,1iNGtKXGyniqwVhXfbKpk8
Tracey Ullman,6f8l45N3qZB1xSCH1qFCFB
Laid Back,2OLmN3LLWtLF7zerL4VdaX
Talk Talk,2x9SpqnPi8rlE9pjHBwmSC
Nik Kershaw,7kCL98rPFsNKjAHDmWrMac
The Style Council,3loflELg7MzgrOyNqERolN
The Icicle Works,39afGThIZjTTMH5enuLXYI
Van Stephenson,0ndwxW5uCztT6XuWhKYQy4
Mike Reno,79kloYBe4FaMHh6lG7VaG6
Face to Face,4l9ufn9GC6LLYXvIanDlLd
Ollie & Jerry,1i95hsWpeVxPaN4HYtVpCC
Scandal,3RFGnJaDVOyxL9YcFaKatu
Twisted Sister,7b85ve82Sh36a3UAx74wut
John Waite,2TPyCsRoh2tjeZLTQ2ojlj
Maria Vidal,1LjSu2y6anCHCsVAHQdl8Z
Romeo Void,20kRNjGAzhnBIflemL8JfY
Dennis DeYoung,4TM0rDUbvVvrHioKsmzr68
Jennifer Rush,3fsCWTIuWIRvEGS7gerSJX
Sam Harris,2otxE2w7oR1JHzv5D833qw
Tommy Shaw,6cMIEub9j2vbMGF3GOETWi
Rebbie Jackson,4FRnFYyWy6yzCXQySCsOfb
Jack Wagner,57EljyVzzkhN9Dornk7gZx
Animotion,6eQHjJJa52LUGjBKP5UPos
Philip Bailey,6ZNeppgfBLPUyugks9Yn1u
Giuffria,0tOyrwtpSvttpZ04mI2Fb4
Midnight Star,0KMLfCXYb3Dhf1hLpu8cVd
John Hunter,7z5ixtgDexP9ffmFvFoRlW
General Public,6BZbe6PDrJgxiXZ3cIXA8o
Murray Head,479Yp6DvyXoIaCssAxB4QR
Frankie Goes to Hollywood,1mZu3rO7qSD09GdDpePHhY
Autograph,2koMWjvRRF0cOpJnjhdKx0
USA for Africa,7sF6m3PpW6G6m6J2gzzmzM
The Firm,4rPZAvpw9ObVO3HFGWSHwt
Robin George,4KFYaYqT3ZeyKMBe2fo0rW
Simple Minds,6hN9F0iuULZYWXppob22Aj
Eddie Murphy,1Zq8pfBl4ejCMrWdeAdphc
Harold Faltermeyer,7Cf73Z3RZQTH4V69GSDxnv
Alison Moyet,0s0rOb0gT2S9N0SDcjtPC4
Mary Jane Girls,7vRMMs8yrKf4PKUpUllMkr
Limahl,7LTzUnZaptYfAFmvqW5M6D
Katrina and the Waves,2TzHIUhVpeeDxyJPpQfnV3
John Parr,3Z1tibPKhUYWCno0IYicCN
Til Tuesday,1L0y9srZMyh9XUnYGv37IP
Paul Hardcastle,0SgDfSfWqkZMW96aT2oQZ1
Cock Robin,1MOoTIFOvJ60ATvyRXPPXg
Dead or Alive,5WWSL6rElJeUk3Uc1S2RyD
Billy Crystal,4obZSxPoSs6iedmMKPzhwh
Godley & Creme,02zGgCB9SiSPeDYMfwPJXK
a-ha,77tT1kLj6mCWtFNqiOmP9H
Arcadia,4tHZV2ZowPkzOvX4eG1inY
Jan Hammer,50zRydJXfkLzGIOj9mITfy
Kate Bush,1aSxMhuvixZ8h9dK9jIDwL
Starpoint,6W9OZQ862LR0HM76QQJJY3
Scritti Politti,59luKpdal8UwxcuLJNoKwS
Clarence Clemons,7hiRmH8QebrJgMZYAbFtoO
The Dream Academy,1JVoO5bwfU8GNuAZLpBoHe
Baltimora,6czfQ8MjHVmvJKA4LAnviG
Robert Tepper,5T1bhiyED6hokaKTechcKI
Falco,0hLd40hVpRDGENe4KGZLnW
Opus,1hQuWl1dueM7ChRUZRn05z
Sly Fox,6wU099wsnfSuP0lxWc0jgt
Force MDs,3KpLtTMpLAko7nBDmiYg7Z
Honeymoon Suite,7kFyhQTV7cbd3iSYW2yt1Q
The Outfield,1zxDewzd2j1ZdSBGaYcr0y
Nu Shooz,2The4Ur661sLPGndcUuuLu
Boys Don't Cry,4Vu68x2xlwYZtz4ZVpz52g
Models,0KqSULB80ft2H3aFg6kJmN
The Fabulous Thunderbirds,6zmLTiN3NBNCDECRbbJKkT
Stacey Q,3q8tRS0hCMVCylgKAoA0ya
GTR,7gG8L3FNYDI6EOtYbOZKC4
The Blow Monkeys,06tPmk0aHzCFK0T96YzXnN
Device,1d4uM0g9449nE9TV5KeWch
Jermaine Stewart,7FAkzV0YOw0EIXFhmY4RE3
Timex Social Club,1C0HVpji7xDIdGbnsdUwCt
Gavin Christopher,3B3JAjdGRktPASOaEXlnHP
Regina,3z6Gk257P9jNcZbBXJNX5i
Berlin,6uRJnvQ3f8whVnmeoecv5Z
Double,5eumcnUkdmGvkvcsx1WFNG
Gloria Loring,4OvZ8Dx72DO6lo6DRL6vjK
Don Johnson,29gt8yNK2jFp21ZWXISskB
"Oran ""Juice"" Jones",1xcuvl9Q3S7Q3b2b0dTJca
Ric Ocasek,1iTrwmoisuv7HbdY5tTVUt
David & David,1Cs0zKBU1kc0i8ypK3B9ai
Timbuk 3,1NdZSjGpm3jktmGbvkLadW
Nancy Martinez,6KKKmiLXA3G7jxCarYjo7V
Robbie Nevil,4NkLjsRsFnuPu9B4zqzBqq
Gregory Abbott,6zdcmro5vDQSUjeioajL2r
Billy Vera,1QQBo7mfkehMjDfz1tj5Pq
Benjamin Orr,6FV7vG3YdZqITxCEbUK98Y
The Georgia Satellites,2hnzQ6eCFkxUIPsVcsdj8A
Chico DeBarge,67ISVBZzcCTTKM17Ps00sx
Bruce Willis,6UpHyjBIGRSHpna0GQ68bH
Cutting Crew,3cniTumSiUysiPWXapGx1i
The Communards,17U2ImH5IyYMvjkCfPhMHT
Club Nouveau,4kEAjV4pCBOkoowYYQydvO
XTC,2qT62DYO8Ajb276vUJmvhz
Hipsway,5Qnpdt4MtT54U7fFNEYDTZ
Robert Cray Band,6cAtGdArQhrU7tTBoeWY3P
World Party,0THUMJMWUd5L8os9K6O4FE
Donna Allen,2MGI96UXRCEwaQGuQzAWfZ
Chris de Burgh,2RpHsROrX075xfIwHn6B2U
The Psychedelic Furs,0O0lrN34wrcuBenkqlEDZe
Breakfast Club,4nsuck0htFQjVl6OCKVzRb
Company B,5AEG63ajney2BoDXi0Vb84
Paul Lekakis,5T5nmu5zNxNJHGdWMfcUkx
The System,67NN7SgdxKesGnxZOB8YeX
Pseudo Echo,0FDW3axHactZo8HU0OnNVy
The Nylons,6l0IHrGPjoSzh1Qy3w6X1X
Yello,3zxKH0qp3nBCuPZCZT5Vaf
T'Pau,4fXkvh05wFhuH77MfD4m9o
Living in a Box,4W2dcPOyD7eSfJCPHCfwoA
Danny Wilson,2qsc1hUhG2UrNZhByveJ6x
Pretty Poison,4Xe7UmOgczT2GMm5uK8Axu
The Other Ones,2YOWJjsmqQSRniUvUAyieE
LeVert,7BLOa6FxCbMnowidkQfLIA
Timothy B. Schmit,2VbrivHnDf4Z43xPTgqvym
Wa Wa Nee,7mhywHwc3ElwYwiMLEsduP
Swing Out Sister,4phr5rAgWhcZtWJu8w8lKv
Bourgeois Tagg,0IekLXmUEHqD3nEFpwB3kE
Kane Gang,1S2wZg1HsTZaHGX5Xgw4tL
Stryper,6lE1ly8K8H7u8k2ej2plvv
Buster Poindexter,77GFTVwA0F6Ag1xtlYr0UA
MARRS,3YXCp03ugqyi8XQJfSSigl
Patrick Swayze,6dH5I8Q7HhXu74cBXkP0LD
Scarlett & Black,5WedTUDKS8Ui8MnQEfyiPk
Morris Day,1L56apXminRPJqnqBN0vhe
Bryan Ferry,5RNFFojXkPRmlJZIwXeKQC
Dan Reed Network,5tAiPLHijfu43jui1XuiXq
Suave,04a6mc5vUtj2pMzteToeH7
Johnny Hates Jazz,6zpPKMhpOoG646kJgZ7RKf
The Deele,7ohSq6OUvkH1hkslgXfGMi
Times Two,3zp6S5enDLKpVlIJv5imbH
E.U.,2QsynagSdAqZj3U9HgDzjD
Brenda K. Starr,5Ne8hQEmy0eZu9hlE3j58B
Bardeux,1Uhg7ePxFfwEY6HysrYjV7
Brenda Russell,2O8VlquQPITO4tT3SWs95W
The Church,0TfWxv8ygT7qBnqxqyYige
J.J. Fad,4cy8rq83cl4eKpRWRK9hyM
Midnight Oil,72KyoXzp0NOQij6OcmZUxk
Ziggy Marley and The Melody Makers,3Z2jmNAP2UaGa8lPpi54wD
Al B. Sure!,1fvz0vd4P0LNMkAysF1ivk
Jane Wiedlin,3IXBujNySf3RBaGjDI8dqm
Climie Fisher,3bpvhFSIErguVNQUiutctF
Johnny Kemp,2u8hDu5KBMpvneOV8Th3LE
Denise Lopez,4pdcY88XtZGaNVJqN7WlpF
Bobby McFerrin,2FjkZT851ez950cyPjeYid
Information Society,6bJUzb3mLEYCkTAp7eNJgO
Giant Steps,6Fd71yxjgGovp3pUeTghLg
Vixen,5XKQ8fa0WdWBmgMFDmctCO
Will to Power,63I04Kj1gXC1LLSVcrOzLN
When in Rome,3jOO5nZ2XPmc232rNjzqJy
Ivan Neville,0xHoBLKrp48wAlwpy54lRv
Judson Spence,2iDXfUayTfaawalL8HDDj6
Boy Meets Girl,02Xpf8IlAGeelWAQZP33kQ
Boys Club,17NhTFMWDCB9nU8eDbRWiu
Sheriff,5jllns7VtBfhF3AyjvZP8d
Edie Brickell & New Bohemians,4awU3JRQXIYoxabdwO92AU
Kon Kan,1iVdpAhwFutZ7dAknlpFnM
Michael Damian,1Wb1iP9BzMJyjm5nXtBUFP
Was (Not Was),7Jmod60ZpPG0tckhY0Ls0p
Sa-Fire,52GQS0AQArdkYjXen05ILA
The Belle Stars,79mvAIaa8bVyObPdeqs2i3
One 2 Many,5dZ3oCClMLVlt6dyAbg6I7
Roachford,5S3EbUETKlfsBRUiBKnqer
Waterfront,7uO8KzvLTuKpY1nvRUdmeo
Neneh Cherry,3JxCEqL9zjKnDJgUhRuRJD
Martika,40enFxfEXXsEXKOt1vgx0k
Love and Rockets,09mvgMBvJkxarNIDGdwPWg
Jeff Healey,3d2hJTVTwo08F9b0ZFQukJ
Grayson Hugh,4SA20ppwlluQj8vOWyUc0F
Young MC,5n30a5V4ftXNMHCHChmK2h
Sybil,1EbIfIjVcauDatNO4vagL1
Kix,45KpBChrKYWhTlU6N57ofu
Jive Bunny & The Mastermixers,4GzIiGnHYrOnq2LUiD6zdo
Shana,5LjQNssIjReuJSupP3hqXl
Technotronic,2Cd98zHVdZeOCisc6Gi2sB
Biz Markie,22282KfMxDo2PMjnBc82I4
Alannah Myles,6IYnSXO40Bh7Zdqhf6rQoj
Michael Penn,4GcBbZ5wVhNABLzm4MpJqG
The Brat Pack,4Owess1WievEcwR99goEYE
Jane Child,5JBif5ahOKFFVuEpHhrp8Y
Sinead O'Connor,4sD9znwiVFx9cgRPZ42aQ1
Calloway,11usEAQkFE6UJwsyAKkchi
Faster Pussycat,1FwGBBwUviGVIeDIByO7u7
Electronic,0TkqXdyWLsssJH7okthMPQ
Perfect Gentlemen,0Kx6hOtUkMFFFQhz1zjIij
Digital Underground,7jocoSCuCtpCxCI6IbP8ye
Partners in Kryme,3RhQ4wZ4x4RC2oY2QeLRad
Giant,4j56EQDQu5XnL7R3E9iFJT
Whistle,7i7knDRybyk0pKGZs4TrA0
Brent Bourgeois,11OdZFXS8Ia7WyaMZqESkd
L.A. Guns,22TEmHXBBLjTec2LOAuMdS
Louie Louie,4U44HqrUwzfE2GEx9NXllw
Mellow Man Ace,37YcGi7z4aXgzWu4jGRe4H
George Lamond,0L1e8CdX4rdh54b8mIxMqB
The Lightning Seeds,67YNiSqhrx1P8oPvIIvbP5
Tyler Collins,5huMtuPNUReK11RrCYwP0p
Brother Beyond,6To7KuC86pBGCtkRUiq80O
Kyper,5axa2hbZnvT5TP2IFLXoit
Faith No More,6GbCJZrI318Ybm8mY36Of5
Indecent Obsession,3ZM2MAAydv9t5hF3wOhqZd
The Adventures of Stevie V,7HOmuShc6sajk74rYV7zR2
Vanilla Ice,7GXXMm3DB1VswVcuGyInUd
Candyman,3mGe3yyg9FrxlHidyYWiH6
Concrete Blonde,2ICSjfBpos9PxMhGhX25N2
Deee-Lite,4eQJIXFEujzhTVVS1gIfu5
Soho,1Yk912s46hRDu0aEvLG8WO
2 in a Room,2029eJThczywCgnjE33s33
DNA,6gjAbs229sNHhSskJpQ2mG
Urban Dance Squad,0Vo614yFlepUdpdbkggrmC
Chris Isaak,7290H8m1Dwt8G7jm1y9CQx
Timmy T,0CbeG1224FS58EUx4tPevZ
Oleta Adams,1BMb6sQJVkmUyCuodmRs2g
Susanna Hoffs,2Sc4ukCRllIu02LZfHF0RL
Lisette Melendez,6EHBN4iYnUq7kLpfEnDONk
Londonbeat,0gcMPgunYh4rX1UOdvZKBn
Gerardo,4J13m9IZh03PEhoxAxRhXO
Harriet,5V9Qpd9ZLs4gcrADy24ABP
Keedy,3dvulGAyEQEjJbQg33gUSQ
Monie Love,7dupCiguCFkYZRisA3foPu
Divinyls,5t06MTkDD3yr5LVs3YFLQC
The Triplets,4jmLWOv8jXNEPq66DpmLI3
Riff,31IZdHrCZ5pRhLz4zBxN3o
LaTour,3MNLhvqJkWsO6tcjY9ps62
Queensrÿche,2OgUPVlWYgGBGMefZgGvCO
The Rude Boys,6ZKkosMgiVV41hznxoMtLw
Kane Roberts,12FdDK5z7grZIamaG6xTUK
Lisa Fischer,75NLTo547GvC8W5gmRDLLn
Marc Cohn,2C8mKwk3z5DtqLcSwUdYJ9
Steelheart,0ecbvwhuhiEAWOLHlRXpqD
Yo-Yo,7wlFDEWiM5OoIAt8RSli8b
Keith Washington,5l0XyfQLHoWFvINcSaSrSx
EMF,6uxWOe8za52RuvwfuxM1aB
The La's,47Z8LEl3LnQkcpva0xSthT
Corina,7mXfsy3lF4kU0f2KTNKSr8
Desmond Child,7KgW65389e5w4xWzaVOuCg
3rd Bass,6EFL6smxzRtpwlQvZFldUc
Jomanda,09xC3MewWz48F1OpYckXTZ
TAMI Show,5Wd6XxGvkK4a1gnJ5mK2b0
Tim Dog,3aBmASYphRgGqvYlaZaL3G
Siouxsie and the Banshees,1n65zfwYIj5kKEtNgxUlWb
Billy Falcon,0DdF4n9hzGsLAEv3rSeaZY
Chesney Hawkes,3dipm6p2uAgitwQsOZU5oY
Jasmine Guy,3AGd9ZRjmrt0MdtByKeIaW
Russ Irwin,66CMkVv86OLFmksFPnULzt
Tony Terry,1IEiax2qJ9BZiCKs0DXzc1
Big Audio Dynamite II,7hqZBHSgDs1odG9aupMzEI
Curtis Stigers,2bNtosg6E8tvmN6wYxPCfu
Angelica,0x5h9zpuylgle1BtMTgfvb
The Party,5SHgclK1ZpTdfdAmXW7J6s
The Storm,01c7DohUs02BwUDAyxzTUU
Kym Sims,40PLSl99xXqAQsCQQPmfyM
Right Said Fred,15ajdFAi5bjj5pS9laBfBL
A Lighter Shade of Brown,0sKMWpgGw6JoRm21SOwecQ
The Shamen,5E704N5StxMVKpalhaJ5L3
RTZ,7gG8L3FNYDI6EOtYbOZKC4
MC Brains,15ABRsGmrgz76OVvqB14sh
Kris Kross,4LcUpNlXFEleaLlelmkv2R
Kathy Troccoli,73CmW7Heo8CxnYXydAs6qc
Chris Walker,7yADpoaILAc0QX4MNdbK0e
Cause and Effect,435pYsx1SNE5vw80ekbhqk
Joe Public,3RnBzCfr8bQeLQQMGF6IeE
Lidell Townsell,1kLU4FT0l2Bayn8Vir6jo3
Sir Mix-A-Lot,3TQ9JTBI2n2hfo7aRONEYV
Billy Ray Cyrus,60rpJ9SgigSd16DOAG7GSa
Rozalla,2wnJCxpnKAagrdBJAvaDrQ
Tom Cochrane,5Jj4mqGYiplyowPLKkJLHt
Shakespears Sister,7ooOn6bokl4mGV4CEaUz6A
The Soup Dragons,5BEYGWk6aPdNXxBx9pwU8S
House of Pain,0AuW7OCyKfFrsMbtHrYgIV
k.d lang,6W1BHDF0T4a4KYcSwzD586
K.W.S.,4leTWyczsXYGlzUh8sFGSz
Charles & Eddie,5rIhaCHkbFVvLJpKHWwOJD
The Heights,3VvCoGaJ64OBTnhiqta7XL
Trey Lorenz,23kP8xlQifcAV4nd84iHbW
Saigon Kick,1Qt3QdA0ZoOoeWfrJzA12d
Wreckx-n-Effect,6lLYZf9GpSq6Pf09g2N2xK
Mad Cobra,56MDhktp7hO6MqKCS9rSXT
N2Deep,7zgtJuRm0JcJpPQRjCgXT7
Dan Baird,4F3oRWFbkgHCyxukGbR63c
Lo-Key?,1ehqyqdZUIBIQQP02i8Lmq
Portrait,4iGsihTcyZ80RQFZhC8bf8
Boy Krazy,2a5h6Y1DcGp4yhE3ATBVK3
Digable Planets,0gqIrDRL7CEPBWMmkuZPdQ
Snow,1S5WLkcajugOGAx0DfVyIf
Positive K,5NtJpNZgRqBvRCq6OE08ZU
Spin Doctors,2PSiyldxmJze7xiqbz658m
Paperboy,58uK0d4R5Rq4FDUNgNIFeI
Sunscreem,0rMScAC6pl5e5tF5zrwjdI
Joey Lawrence,4FsQzIQN32waEatAdYweSJ
Tasmin Archer,6EgtYGZoF5jLydCpz43xu1
Robin S.,6TKOZZDd5uV5KnyC5G4MUt
Green Jellÿ,6dyxkRwYuTw6ezj1tjC2rY
Captain Hollywood Project,3El2sJgqTWkg1kkyHHAEu4
Duice,1GITtYH8OGvDPYfniEDxHA
Tag Team,3NfJ6VPVz0lf3jWy5F1N7g
U.N.V.,73jBynjsVtofjRpdpRAJGk
95 South,3vjd6YHdWCqO3MWaYbxDf0
4 Non Blondes,0Je74SitssvJg1w4Ra2EK7
Fu-Schnickens,2BnZSEAPhFsB1RIyeEgXmN
The Proclaimers,1A92IAcd7A6npCA33oGM5i
Onyx,10Khz9BDdDT2mzm3330Cvu
Soul Asylum,02da1vDJ2hWqfK7aJL6SJm
Cypress Hill,4P0dddbxPil35MNN9G2MEX
Haddaway,0Suv0tRrNrUlRzAy8aXjma
Blind Melon,5sD1ZLf2dGQ9gQ3YJl1eAd
Intro,03n0Ll5tJjUxajYOvc0TQm
DRS,3kYFawNQVZ00FQbgs4rVBe
K7,099tHc1nWooG9wPtUYX9Mi
Culture Beat,0BZ3BHzfYwpd3k5TDnvAz8
Gabrielle,3w6zswp5THsSKYLICUbDTZ
Queen Latifah,5m7wCUhYhBh7A3A3YMxrbt
The Breeders,1xgFexIwrf2QjbU0buCNnp
Us3,3kYFawNQVZ00FQbgs4rVBe
Eternal,77efGNIP8xtX0iCb5RCHCG
Crash Test Dummies,1YEGETLT2p8k97LIo3deHL
12 Gauge,19dL0fni8Il6amPuGzxkmn
Beck,4obzFoKoKRHIphyHzJ35G3
Big Mountain,0Jeckitay8SbvKwqAzWuYH
Ahmad,3KpWvpRW5ZDfndzjomuCee
Lisa Loeb,1TMMyiSsNzmRiZCAkVLVb2
The Puppies,0RAQaX2XsuwwIP40iW0Qmc
Public Enemy,6Mo9PoU6svvhgEum7wh2Nd
The Lady of Rage,5CxwOBCoGSvWxfDgNoa1Nv
Meshell Ndegeocello,0uZRjholJ0fVC2J9EvnYnj
Candlebox,3R6c2tWDBeYB1GncjLMn9n
Lucas,6C1ohJrd5VydigQtaGy5Wa
B.M.U. (Black Men United),6rb2nWF3vuIdxcT8Fci2v4
Ini Kamoze,1VJspRsoC6c0bvqhnSiFCs
Deadeye Dick,6T5h5RzrzZjRAU2Yp7265Q
Corona,0CxrfcSWTiBX7M6WAakESI
4 P.M.,6cdC1cwqh3eJAXaxXJt2jv
Des'ree,3YNE2odHUSl2oWaJsL76A6
Subway,4BntNFyiN3VGG4hhRRZt9d
Jamie Walters,4JRaryUoRSFiZt04ReUD8N
Dionne Farris,7HO1DbzU86pWWp1vBN7l6k
Adina Howard,266SmBZTt4zRzaKEANWbfQ
Martin Page,3NS6XjRa7OyZv6KjfkH5qC
Rednex,22Zqu1yyebVnbve8FxbJ2g
Nicki French,1RfiRshRC2YlSG4Y1zNkAE
Better Than Ezra,4UuoJfJ9UybJft7a8E6UHX
MoKenStef,4R4Y06WNH0YEMcugwoGPPj
Skee-Lo,55Pp4Ns5VfTSFsBraW7MQy
Silverchair,4iudEcmuPlYNdbP3e1bdn1
The Rembrandts,0gDg7FEsF4Y1jWddJJgcn4
Del Amitri,2Q4FnG5T6NTUcAAZwuMV5K
Groove Theory,7opRqRgF9lvnVraBFCMvIj
Take That,1XgFuvRd7r5g0h844A5ZUQ
Edwyn Collins,5Qlt3zQ63Z99mNhuun0JAT
Toadies,2QMMktUMtwMSwUZATX1cRO
Deep Blue Something,5N5RfI8FFXk4WQ8kkjE407
Joan Osborne,0djV4iaxhNfYWpH60ia85o
The Folk Implosion,6DM1YETeVIN3ce24DhnMhU
Everything but the Girl,13ccXrK7AmXb4TddMkE7jy
3T,6ziuSrnCMJjv4iQMSpP5nR
Seven Mary Three,2zsLaQhHFdQPdFXqG1nRmM
Oasis,2DaxqgrOhkeH0fpeiQq2f4
The Tony Rich Project,7uwPrVdjss0FyCCTzpLx5A
Chantay Savage,2yg15JjVOqNppP73zVhosY
The Nixons,5n3dkXwwvC1w42hp5U0Qxq
Nonchalant,04GaFBkrXgbjuLYvlHP3FW
Spacehog,3NZE8jDD2cCzd4vUyZ5CQQ
BoDeans,2D2qwEatKbBSKhBCfP6lyn
Jann Arden,1aftUCES5zD5xXI7O9ZF9F
Jars of Clay,1lMaDSraU3oiNUsVWJLHdF
Tracy Bonham,6RaSfqo4f0b42iNouQeAKK
Crucial Conflict,1NMPFAWwsqqy5m8kEQvDl6
Los Del Rio,3h88VTqRj3GbUd2W41ZY5U
Quad City DJ's,4mar1GMMEhvGyJdWagu6KS
Butthole Surfers,62BcWP4fzR8axESibNQEhs
Dishwalla,6F3NW2aC9Sni1FH7QPSLvw
Ghost Town DJ's,4JbmXqez7WvTggoxn3UpVT
Donna Lewis,2EfG2EoT8GFJrMiilbTVl2
Primitive Radio Gods,5wTpMQz4RtF6dFX9blvMDc
Eels,3zunDAtRDg7kflREzWAhxl
Merril Bainbridge,0lSDlT2Z5EvUGNIl7WQ7k0
Camp Lo,6FlOCziOXI157pvUREAh3E
Gina G,2BtMl69A02SiHnGLsdMuV0
The Cardigans,1tqZaCwM57UFKjWoYwMLrw
Tracey Lee,7lb6cUo0sKWSGIpmN2PB4P
DJ Kool,1SWGyp2nxNSyQkRX1eqoUp
Luscious Jackson,1EcRE2Nnqg2spdn2otakhg
White Town,1MPcILKoMCJym9KscdYxuM
Duncan Sheik,3AO6RTDA16mg8czQI5Y9K0
Freak Nasty,0LthCv77K8NqLKr8B6266a
The Wallflowers,0jJNGWrpjGIHUdTTJiIYeB
Hanson,0SdiiPkr02EUdekHZJkt58
Mark Morrison,6V3F8MZrOKdT9fU686ybE9
The Verve Pipe,242iqFnwNhlidVBMI9GYKp
Bob Carlisle,4PJHDzdFoQcklrWU18QdsU
Meredith Brooks,2QmLFuIDtNDmmJY3OtvinN
OMC,4AGwPDdh1y8hochNzHy5HC
Shawn Colvin,0K7VN4aHxHcEb7PqkfoIVA
Sister Hazel,7m60UAnbgFFNuJbmS6OxTk
Aqua,6kBjAFKyd0he7LiA5GQ3Gz
Mr. President,7KBkgunlONG7LPxs93pgpp
The Mighty Mighty Bosstones,5uYXMC13cIUulobh204QuK
Imani Coppola,4stDtiogPv0MnO9rcS4uci
Somethin' for the People,1Hu56IprUt6GltqTkpvguI
Chumbawamba,0TcYeHEK9sBtv7xPbKhzHz
Fiona Apple,3g2kUQ6tHLLbmkV7T4GPtL
LSG,3kYFawNQVZ00FQbgs4rVBe
Tonic,6qXwLwTLdA44HYsA26vaNU
Nu Flavor,2gdX1GbQ8sljsTVwDaIpkc
Alana Davis,2CQdVOUWYfEbxhWTgQdUwm
Uncle Sam,6hs28hHY3L7zsfC44xszAj
Billie Myers,2ZqXK2gIDbfE7aOvkNObPW
Ben Folds Five,44gRHbEm4Uqa0ykW0rDTNk
K.P. & Envyi,2YNgNtNUJlJpCmWgz3kHh5
Jimmy Ray,19mELXwQE3LGemD3ioO0lO
Loreena McKennitt,1JdeDdujDbS6ZeSlkXqx3a
The Verve,2cGwlqi3k18jFpUyTrsR84
Marcy Playground,7AQzXO3NPNQsI7oNu5rC3r
Canibus,2lQvoGjN6jJfsAkaywtgrB
Playa,5xegBBY3vjR75woVR9kiy7
Link,6XyY86QOPPrYVGvF9ch6wz
Five,1d4uM0g9449nE9TV5KeWch
Cleopatra,14DGJVYmuwwsdHmW8a02eM
Semisonic,1TqQi97nqeiuOJrIFv5Sw0
Harvey Danger,7fu6ebyL3JGXJgo5zsOo4k
Jennifer Paige,26PDtWYDJ1KD0brukKsJH1
Tatyana Ali,4ZYkqq2f8wA9vkV4iQIo4C
Pressha,6rcAg2UgXIlbFQIHWq4eGE
TQ,18ESZ0MSceYRAY5Vwb1Bxz
Natalie Imbruglia,0dlOr0VIysztGWvU1dpjmP
Eve 6,4Eqd24yS5YcxI8b6Xfuwr8
Shawn Mullins,4TROLx8HvrnfGGNo2ngL2N
Eagle-Eye Cherry,3ngKsDXZAssmljeXCvEgOe
New Radicals,0Grjlu7ncIuCaSYvCs9fcd
Jesse Powell,4ryyCNxkhfBSXHx4k2lo3T
Joey McIntyre,3SIW6eVIZSz9V05WsaKIr3
B*Witched,72eP0W3rIhkxd0NHGg4w4u
Baz Luhrmann,7HhTERkBV4Ot14KphgBfSh
Vengaboys,0cwmNvclzPd8mQnoHuIksj
Sixpence None the Richer,0lJlKQvuM2Sd9DPPyUXcHg
Jordan Knight,2AEcSFddxmvXT0A7rBwyVL
Everlast,14ZxDAK6ITtZZqPdiWrvSn
Lit,5XPrniVXXXD0021qH0ed6b
Sporty Thievz,4D1sh6dCcdjdAoI0nvuw7R
Eric Benét,1kjO72M26jZkv0aaGxJaov
Citizen King,2Ca9nb6MJ3lwyF7dRNJm3M
LFO,4AGwPDdh1y8hochNzHy5HC
Tal Bachman,3KEb1kbIZN5jumsjFEWgSW
Chely Wright,1aSIXmBKKrEVIbGLwhedIe
Lil' Troy,12mkoe71zJDWs4j0rCeXGR
Lou Bega,46lnlnlU0dXTDpoAUmH6Qx
Len,6gjAbs229sNHhSskJpQ2mG
B.G.,6Sbl0NT50roqWvy746MfVf
Ideal,6V394G6torkxVfqL39qEgK
Kevon Edmonds,3an8oUQQJYhvsqS59GQrqR
Eiffel 65,64rxQRJsLgZwHHyWKB8fiF
Filter,01WjpKiWVNurV5hjIadB8C
The Product G&B,782IpIScTpnDhYb9hyxOu1
Hoku,7ftZLBtMuNBXnnDFKbAblK
Bloodhound Gang,6nDLku5uL3ou60kvCGZorh
Sonique,5xtqw2B8z8JGfDYi2eAZHI
504 Boyz,5ILgJERmX20rZuVVDQ7z5P
Carl Thomas,6I6t21SFbxZ7RbQgD5dN7U
Mary Mary,1XkoF8ryArs86LZvFOkbyr
Macy Gray,4ylR3zwA0zaapAu94fktwa
Alice Deejay,2tbvDi9eXf9XXp06LupkED
Westlife,5Z1CCuBsyhEHngq3U5IraY
Wheatus,4mYFgEjpQT4IKOrjOUKyXu
Nine Days,306JHpIRGVaQd6OltnOzUO
SR-71,7fTcs8dn9y6XuB2IqZMzBq
BBMak,7y1GT7SdgGiFLWoktv2TSw
Zombie Nation,7vFpNLbCXbBFs4kFBUlkSl
Ruff Endz,7liFhc0PDIx8etigqd2WhW
soulDecision,6hYrBYtoVGArYJcqvYxN4r
Baha Men,67FFKYikvTlvsPNk4NPOYJ
Profyle,4WC2Edj7Ruq94JH2jkC5hB
Samantha Mumba,7L12TqJ0fbwtFljTbwfwRI
Dream,4IeTirAIlJFix9yndvZd6T
Debelah Morgan,0tRRrNLQY5rejEDVSjy4w3
Mikaila,6KT0sJVVBD6P3k12CyiNWe
Lee Ann Womack,738OS3zrCO782uDiUN9pet
Evan and Jaron,1xeZcY93inQY14LWwnxd5G
Crazy Town,4iSKnRZAxkmqNok6tv10Se
ATC,4AGwPDdh1y8hochNzHy5HC
Modjo,0AkpPlFLnr0VQwZQeMGht0
3LW,2lFHVcUeJ9Gq6AZiU3ZAOa
Jessica Andrews,5rNhVm2CnqiO5Lv4Dt2lck
S Club 7,0HNGrIbq1ZNO2mTp3tMW4L
Sunshine Anderson,0hnmRa5ahunapQbPjKUbMK
City High,0LlPal5iJGcCWwZp8VefVs
Moby,3OsRAKCvk37zwYcnzRf5XF
Lil Romeo,2AXQzJRDvlJrq0fiVAnRy8
Blu Cantrell,6vytZ677lz4LzCrUDcDokM
American Hi-Fi,4XlcLj6bxCnpBIOHmBpIWP
Willa Ford,0kuEP1E9k3WBEwMKwEmp9u
Darude,0LhHRmSd1EYM5QdNeNnCoQ
Afroman,4Icvbp9RDt5aY2TWDOVDsr
Cyndi Thomson,1SlB319k1toEaGunEFn6yq
Lee Greenwood,3g229vTyhsdwm9SO2p1FPL
Alien Ant Farm,6TZdvF1kFzwnQLgHQynzsO
The Calling,5aMmmNxw4vgpc5XC6hK0zp
Phantom Planet,0LsTFjEB1IIrh7IlTxs1GY
Tweet,6zDBeei6hHRiZdAJ6zoTCo
Tommy Shane Steiner,5taaHcEgGsJTuj62xFYy6F
Vanessa Carlton,5ILrArfIV0tMURcHJN8Q07
Steve Azar,6x9fdTmlcJVJtChlLgT1G3
Truth Hurts,0HCeK90YUyjWi0utTPYXw1
Default,4nCzT3o7lMgCWBcmdwCMsT
Jimmy Eat World,3Ayl7mCk0nScecqOzvNp6s
Dirty Vegas,2IkHcHKErbWa0TA14yHkbl
Big Tymers,4jWGfUCFeTu5e0wprRhHXR
Khia,3q7isf09BuwXLyR2khBs60
DJ Sammy,4z4m1P0iX2nRSPDBEZ8LBT
Las Ketchup,1e8GEl48ktvfDpruMKB6Oe
Smilez and Southstar,2ZwdTnCl6ck2cEnTNRL09I
JC Chasez,3p3U04w2DaiBzuYMZnYr00
t.A.T.u.,2QsynagSdAqZj3U9HgDzjD
Norah Jones,2Kx7MNY7cI1ENniW7vT30N
Amanda Perez,5DqmNLPM1kAbSBQk2FMm6b
Wayne Wonder,3kc5AFnL1TQQdNaMdSW2UO
Bone Crusher,6cwlhbT6PnscdmUYCLUJsa
Lumidee,1IO0GVa1xjkFMXsg66FiE9
Junior Senior,7xNPROyVfkH4mcIxxCxySm
The Ataris,3LC8PXXgk7YtAIobtjSdNi
YoungBloodZ,2OqENqJFXPORP4BUGnu2Qq
Trapt,1UdQqCUR7RwB9YYJONwbdM
Fountains of Wayne,1pgtr4nhBQjp9oCUBPyYWh
Fefe Dobson,0mzTssRDPIQVH5wSNzOdFZ
Stacie Orrico,5QjWgYDeKNP2iPHTdTttnG
Nick Cannon,480i0t8YiGc2aoOR6BeLAb
Eamon,1y20PpXw0yeuJ1avCD0Ob9
The Darkness,5r1bdqzhgRoHC3YcCV6N5a
J-Kwon,1Zz5UxfKSSqc6hpa3xJPCw
Mario Winans,4BIQA9vRkqXEnA2twmq7mU
Jet,4IeTirAIlJFix9yndvZd6T
Hoobastank,2MqhkhX4npxDZ62ObR5ELO
Yellowcard,3zxKH0qp3nBCuPZCZT5Vaf
Diana DeGarmo,59eUYRRUA8EnmFBgR5kl33
Nina Sky,6eBYLQONaYZhZNAVK061t6
Kevin Lyttle,1GaBsp1ICIp1e6udgE7fba
Houston,6XpaIBNiVzIetEPCWDvAFP
Terror Squad,2BvzbqWWwLN11XGBYgDZzx
Los Lonely Boys,4aSEmLLxLX9wR5aLMllOKj
O-Zone,5M5PjPSiKeXynM6Ohu350r
Modest Mouse,1yAwtBaoHLEDWAnWR87hBT
Franz Ferdinand,0XNa1vTidXlvJ2gHSsRi4A
Bowling for Soup,5ND0mGcL9SKSjWIjPd0xIb
Rupee,60TYV12IFUaDfnUA0S67zb
Trillville,3jahzTuztFVegfKXChatkY
Caesars,4rGrN4XDYhP6dUAZMvcuHr
Amerie,08rMCq2ek1YjdDBsCPVH2s
Brooke Valentine,0yqDXjskTQI1nj9bH6W9Ze
Howie Day,0ekbDNE2eOq8QiaXM34wer
Bo Bice,2Q1FIPavG8WZF33kqIP3sy
Natalie,5bfglVyGJppmmNoC2rhBUG
D.H.T.,0Raaw7kr1Vzat4ZvHzjsJR
The Click Five,01lz5VBfkMFDteSA9pKJuP
Crazy Frog,4J3wzDMI97AlGimdiVcaLb
D4L,4AllEJE7mVkhhyUV6DjqPz
James Blunt,7KMqksf0UMdyA0UCf4R3ux
Daniel Powter,7xTcuBOIAAIGDOSvwYFPzk
Nick Lachey,6ewMqjrF31lC8ywRsvm073
Teddy Geiger,1YIpZOfyHXMUgUaxxxgbaC
Chamillionaire,6vdMPayKk8YJxxeNP5oMCb
The Wreckers,2jI32eTOcSx2bn1MGgRyei
Taylor Hicks,3E3tW69eMfAffLGgsmP3GG
Paris Hilton,1vkJFCwstOoJO7yQ4lTtLK
Gnarls Barkley,5SbkVQYYzlw1kte75QIabH
Cassie,27FGXRNruFoOdf1vP8dqcH
Young Dro,3ZooCJzNMTLpmJaIRUEorI
Brooke Hogan,2B4ZTS4hFT3IrUFVPHjEmL
The Pack,5M6GE2n46o0qBIyGXtzdQz
Corinne Bailey Rae,29WzbAQtDnBJF09es0uddn
Peter Bjorn and John,6u11Qbko2N2hP4lTBYjX86
Hinder,6BMhCQJYHxxKAeqYS1p5rY
Snow Patrol,3rIZMv9rysU7JkLzEaC5Jp
Jibbs,4USNIVeRwXIAdbVSTqelbh
Heartland,6B10yUcmUVw4RPKe6j58E9
Corbin Bleu,5GuEFqVXxQsqJtjGqoFWvf
Hellogoodbye,6GH0NzpthMGxu1mcfAkOde
Augustana,61YE3whKiuRr83j1yOm5M7
Mims,76RrKpsvOmSKG8CIjROdSG
Rich Boy,6mXlDbi03T8wXYwWYew0Ut
The Red Jumpsuit Apparatus,1SImpQO0GbjRgvlwCcCtFo
Huey,7A9yZMTrFZcgEWAX2kBfK6
Shop Boyz,3v3clM1KQgVfpPjKJFPAmx
Plain White T's,1g1yxsNVPhMUl9GrMjEb2o
Hurricane Chris,1fQ46lgoUCz8FVXdTVNk0a
Cupid,0lax1ZgWclW6mZFaGu27MM
Elliott Yamin,4am1I89OWXUzFh4ctRLkdd
Kat DeLuna,0bOlhT8OcoC1lCpN69NcFP
J. Holiday,7G6hXrjGpi6I7waNl4wxAk
Feist,6CWTBjOJK75cTE8Xv8u1kj
Playaz Circle,5gV9T9VSwhHBlHcRMojEZw
Yael Naim,32aFdXARUiqP81SXqIPD4w
Metro Station,7vXwfZyDp3spzIVNXDaTPN
Flobots,0rHiOzaAbw3cCp8D7yjyig
Shwayze,6f0hUHWLOCxCSDQMtdVAS7
Estelle,5T0MSzX9RC5NA6gAI6irSn
Saving Abel,2AVVj8ezW2mJ0v8u7XydiF
The Veronicas,1dIdBZaaHRW2bDTkHNfWln
GS Boyz,7Ej52CNJlhlwWROkrcjKLL
Asher Roth,1wgY8huggK60P5nvYrwcYT
Kristinia DeBarge,5Z22vlK4DCgDrQgBEqfc8w
The Ting Tings,2wvUfjKGoXvcnDHq7GgMOa
Michael Franti & Spearhead,1mHuZMOP8FG5ip4yAb1vrB