name,song
Tom Johnston,Savannah Nights (1980)[34][367]
Sugarhill Gang,Rapper's Delight (1980)[179][208]
Steve Forbert,Romeo's Tune (1980)[899][900]
The Boomtown Rats,I Don't Like Mondays (1980)[897][901][575]
Utopia,Set Me Free (1980)[902][859][903]
Felix Cavaliere,Only a Lonely Heart Sees (1980)[34][904]
Charlie Dore,Pilot of the Airwaves (1980)[905][906]
Lipps Inc.,Funkytown (1980)[105][897]
Bernadette Peters,Gee Whiz (1980)[907][64]
Gary Numan,Cars (1980)[908][909][903]
Bruce Cockburn,Wondering Where the Lions Are (1980)[910][299]
Spider,New Romance (It's a Mystery) (1980)[911][304]
Rodney Crowell,Ashes by Now (1980)[34][389]
Robbie Dupree,Steal Away (1980)[897][912]
Change,A Lover's Holiday (1980)[903][245]
Rocky Burnette,Tired of Toein' the Line (1980)[914][915][916]
S.O.S. Band,Take Your Time (Do It Right) (1980)[917][914]
Fred Knoblock,Why Not Me (1980)[918][919]
Ali Thomson,Take a Little Rhythm (1980)[521][919][920]
Benny Mardones,Into the Night (1980)[921][922][923]
Johnny Lee,Lookin' for Love (1980)[924][34]
Larry Graham,One in a Million You (1980)[925][34]
Amy Holland,How Do I Survive (1980)[926][130]
Larsen-Feiten Band,Who'll Be the Fool Tonight (1980)[927][399]
Devo,Whip It (1980)[928][929][897]
Jimmy Hall,I'm Happy That Love Has Found You (1980)[34][130]
Nielsen/Pearson,If You Should Sail (1980)[930][64]
Roger Daltrey,Without Your Love (1980)[931][34]
The Vapors,Turning Japanese (1980)[897][932][933]
Don Williams,I Believe in You (1980)[34][934]
The Korgis,Everybody's Got to Learn Sometime (1980)[935][936][937]
Delbert McClinton,Giving It Up for Your Love (1981)[938][936]
Tierra,Together (1981)[939][940]
Donnie Iris,Ah! Leah! (1981)[606][941]
Phil Seymour,Precious to Me (1981)[942][304]
Yarbrough & Peoples,Don't Stop The Music (1981)[943][939][944]
Terri Gibbs,Somebody's Knockin' (1981)[945][34]
"Grover Washington, Jr.",Just the Two of Us (1981)[200][946]
John O'Banion,Love You Like I Never Loved Before (1981)[947][948][64]
Get Wet,Just So Lonely (1981)[587][949]
Franke and the Knockouts,Sweetheart (1981)[950][951]
Jesse Winchester,Say What (1981)[952][247]
Lee Ritenour,Is It You (1981)[953][954][955]
Carole Bayer Sager,Stronger Than Before (1981)[956][337]
Roseanne Cash,Seven Year Ache (1981)[957][749]
Stanley Clarke & George Duke,Sweet Baby (1981)[958][959]
Joey Scarbury,Theme from The Greatest American Hero (Believe It or Not) (1981)[953][960]
John Schneider,It's Now or Never (1981)[34][961]
Frankie Smith,Double Dutch Bus (1981)[72][170]
Jim Steinman,Rock and Roll Dreams Come Through (1981)[942][42]
Robbie Patton,Don't Give It Up (1981)[34][64]
Red Rider,Lunatic Fringe (1981)[897][962]
Point Blank,Nicole (1981)[34][337]
Silver Condor,You Could Take My Heart Away (1981)[963][170][964]
Balance,Breaking Away (1981)[965][36]
The Afternoon Delights,General Hospi-Tale (1981)[966][949]
Diesel,Sausalito Summernight (1981)[389][967]
Chris Christian,"I Want You, I Need You (1981)[34][245]"
Chilliwack,"My Girl (Gone, Gone, Gone) (1981)[968][969]"
The Plimsouls,A Million Miles Away (1982)[10][970]
Tommy Tutone,867-5309/Jenny (1982)[306][897][971]
Sneaker,More Than Just the Two of Us (1982)[972][304][973]
Quarterflash,Harden My Heart (1982)[897][974]
Eddie Schwartz,All Our Tomorrows (1982)[34][304]
Skyy,Call Me (1982)[975][304]
Prism,Don't Let Him Know (1982)[34][337]
Buckner and Garcia,Pac-Man Fever (1982)[897][976]
Bob and Doug McKenzie,Take Off (1982)[977][34]
Dr. Jeckyll & Mr. Hyde,Genius Rap (1982)[978][979]
Josie Cotton,Johnny Are You Queer? (1982)[897][980]
Bertie Higgins,Key Largo (1982)[897][981][982][983]
LeRoux,Nobody Said It Was Easy (1982)[984][985][986]
Junior,Mama Used to Say (1982)[987][399][988]
Tom Tom Club,Genius of Love (1982)[897][989][990]
Greg Guidry,Goin' Down (1982)[991][984][992]
Vangelis,Chariots of Fire (1982)[993][994][995]
Charlene,I've Never Been to Me (1982)[984][996][906][997][991]
Bow Wow Wow,I Want Candy (1982)[105][897]
Aldo Nova,Fantasy (1982)[897][64][998][999]
Chéri,Murphy's Law (1982)[1000][245]
Rainbow,Stone Cold (1982)[34][337]
Patrice Rushen,Forget Me Nots (1982)[897][1001]
Dazz Band,Let It Whip (1982)[995][1002]
The Monroes,What Do All The People Know (1982)[1003][1004]
Soft Cell,Tainted Love (1982)[344][897][1005][1006]
Larry Elgart and His Manhattan Swing Orchestra,Hooked on Swing (1982)[34][587]
Eye to Eye,Nice Girls (1982)[995][127]
The Waitresses,I Know What Boys Like (1982)[897][1007]
Karla Bonoff,Personally (1982)[1005][1008][1009]
Haircut One Hundred,Love Plus One (1982)[897][130][1010]
Leslie Pearl,If the Love Fits Wear It (1982)[64][1011]
Jennifer Holliday,And I Am Telling You I'm Not Going (1982)[1012][130]
Marshall Crenshaw,"Someday, Someway (1982)[389][1013][971]"
Frank Zappa,Valley Girl (1982)[11][971]
Tane Cain,Holdin' On (1982)[1014][752]
A Flock of Seagulls,I Ran (So Far Away) (1982)[81][897]
Sylvia,Nobody (1982)[1015][1016][1017]
Donald Fagen,I.G.Y. (What a Beautiful World) (1982)[1018][127]
Toni Basil,Mickey (1982)[6][72][897][1019]
The Weather Girls,It's Raining Men (1983)[897][912]
Modern English,I Melt with You (1983)[179][897]
Moving Pictures,What About Me (1983)[1020][368][1021][749]
Pia Zadora,Clapping Song (1983)[34][247]
Musical Youth,Pass The Dutchie (1983)[897][912]
Saga,On the Loose (1983)[337][1022]
Vandenberg,Burning Heart (1983)[34][247]
Rodney Dangerfield,Rappin' Rodney (1983)[897][912]
Frida,I Know There's Something Going On (1983)[1023][1024]
Toto Coelo,I Eat Cannibals (1983)[1025][1026]
Michael Sembello,Maniac (1983)[200][897]
Dexys Midnight Runners,Come On Eileen (1983)[344][897][1027]
OXO,Whirly Girl (1983)[64][1028]
After the Fire,Der Kommissar (1983)[897][1029][1010]
Wall of Voodoo,Mexican Radio (1983)[187][897]
Gary Portnoy,Where Everybody Knows Your Name (1983)[575][960][1030][878]
Patrick Simmons,So Wrong (1983)[1031][304]
Thomas Dolby,She Blinded Me with Science (1983)[897][1032][575]
Robert Ellis Orrall and Carlene Carter,I Couldn't Say No (1983)[34][64]
Naked Eyes,(There's) Always Something There to Remind Me (1983)[9][1033]
Jim Capaldi,That's Love (1983)[1034][245]
Ebn Ozn,AEIOU Sometimes Y (1983)[1035][1036]
Eddy Grant,Electric Avenue (1983)[1037][897]
Kajagoogoo,Too Shy (1983)[306][897][1038][1039]
Madness,Our House (1983)[897][1040][1041]
Martin Briley,The Salt in My Tears (1983)[1042][752]
Charlie,It's Inevitable (1983)[34][245]
Taco,Puttin' On the Ritz (1983)[897][1043]
Men Without Hats,The Safety Dance (1983)[897][901]
Frank Stallone,Far From Over (1983)[897][907]
Spandau Ballet,True (1983)[1044][1045]
Klique,Stop Doggin' Me Around (1983)[1046][1047]
Fiction Factory,(Feels Like) Heaven (1983)[1048][1049]
Agnetha Fältskog,Can't Shake Loose (1983)[127][1050]
JoBoxers,Just Got Lucky (1983)[399][1051][874]
Big Country,In a Big Country (1983)[1052][1053][1054][897]
Peter Schilling,Major Tom (Coming Home) (1983)[274][897]
Matthew Wilder,Break My Stride (1984)[1055][897]
Jump 'n the Saddle Band,The Curly Shuffle (1984)[1056][1057]
Deborah Allen,Baby I Lied (1984)[1058][1059][36]
Rockwell,Somebody's Watching Me (1984)[897][912]
Shannon,Let the Music Play (1984)[897][1060][1037]
Nena,99 Luftballons (1984)[1061][179][897]
Re-Flex,The Politics of Dancing (1984)[1010][337][1062]
Tracey Ullman,They Don't Know (1984)[1063][1064][1065][356]
Laid Back,White Horse (1984)[367][1066]
Talk Talk,It's My Life (1984)[1067][990][1068]
Nik Kershaw,Wouldn't It Be Good (1984)[897][1069]
The Style Council,My Ever Changing Moods (1984)[42][874][1070]
The Icicle Works,Birds Fly (Whisper to a Scream) (1984)[365][1071][1072]
Van Stephenson,Modern Day Delilah (1984)[1073][42]
Mike Reno,Almost Paradise (1984)[1074][1075]
Face to Face,10-9-8 (1984)[587][1076]
Ollie & Jerry,Breakin'... There's No Stopping Us (1984)[1077][1078][1079]
Scandal,The Warrior (1984)[1080][1081]
Twisted Sister,We're Not Gonna Take It (1984)[897][1082][1083]
John Waite,Missing You (1984)[897][1048][125]
Maria Vidal,Body Rock (1984)[1084][1085]
Romeo Void,A Girl in Trouble (Is a Temporary Thing) (1984)[1071][1086][1087]
Dennis DeYoung,Desert Moon (1984)[1088][1089]
Jennifer Rush,The Power of Love (1984)[1090][1091]
Sam Harris,Sugar Don't Bite (1984)[1092][130][1093]
Tommy Shaw,Girls with Guns (1984)[1094][304]
Rebbie Jackson,Centipede (1984)[130][1095]
Jack Wagner,All I Need (1985)[897][1096][912]
Animotion,Obsession (1985)[897][912]
Philip Bailey,Easy Lover (1985)[897][1097]
Giuffria,Call to the Heart (1985)[1098][1099]
Midnight Star,Operator (1985)[1100][1101]
John Hunter,Tragedy (1985)[1102][130]
General Public,Tenderness (1985)[897][1103]
Murray Head,One Night in Bangkok (1985)[11][1104]
Frankie Goes to Hollywood,Relax (1985)[897][1105][1106][561][912]
Autograph,Turn Up the Radio (1985)[1107][1108][1109]
USA for Africa,We Are the World (1985)[238][34]
The Firm,Radioactive (1985)[127][1110]
Robin George,Heartline (1985)[1111][1112]
Simple Minds,Don't You (Forget About Me) (1985)[9][1113]
Eddie Murphy,Party All the Time (1985)[897][912]
Harold Faltermeyer,Axel F (1985)[897][575]
Alison Moyet,Invisible (1985)[1114][368][356]
Mary Jane Girls,In My House (1985)[897][1115][1108]
Limahl,The NeverEnding Story (1985)[1116][1117]
Graham Parker & the Shot,Wake Up (Next to You) (1985)[1118][64]
Katrina and the Waves,Walking on Sunshine (1985)[1119][1120][968]
John Parr,St. Elmo's Fire (Man in Motion) (1985)[897][1041]
Til Tuesday,Voices Carry (1985)[897][1121]
Paul Hardcastle,19 (1985)[1010][1122][897][1123]
Cock Robin,When Your Heart is Weak (1985)[1124][299]
Dead or Alive,You Spin Me Round (Like a Record) (1985)[392][897]
Billy Crystal,You Look Marvelous (1985)[1108][907]
Godley & Creme,Cry (1985)[17][1125][344]
a-ha,Take on Me (1985)[2][3][4][5][6]
Arcadia,Election Day (1985)[968][1126]
Jan Hammer,Miami Vice Theme (1985)[1127][1128]
Kate Bush,Running Up That Hill (1985)[1119][245][1129]
Starpoint,Object of My Desire (1985)[304][1130]
Scritti Politti,Perfect Way (1985)[1131][1132][1071]
Clarence Clemons,You're a Friend of Mine (1986)[897][34]
Ta Mara and the Seen,Everybody Dance (1986)[1133][42]
The Dream Academy,Life in a Northern Town (1986)[1134][1135]
Baltimora,Tarzan Boy (1986)[1136][1137]
Robert Tepper,No Easy Way Out (1986)[1138][42]
Falco,Rock Me Amadeus (1986)[1041][1139][1140]
Opus,Live is Life (1986)[1141][34]
Sly Fox,Let's Go All The Way (1986)[1142][1143]
Force MDs,Tender Love (1986)[1144][1145][1146]
Honeymoon Suite,Feel It Again (1986)[365][1147]
The Outfield,Your Love (1986)[897][606]
Nu Shooz,I Can't Wait (1986)[897][1148]
Boys Don't Cry,I Wanna Be a Cowboy (1986)[1010][1149]
Models,"Out of Mind, Out of Sight (1986)[368][1143][1150]"
The Fabulous Thunderbirds,Tuff Enuff (1986)[897][1149]
Stacey Q,Two of Hearts (1986)[1037][897]
GTR,When the Heart Rules the Mind (1986)[1151][1152]
The Blow Monkeys,Digging Your Scene (1986)[1153][1154]
Device,Hanging on a Heart Attack (1986)[389][1155][1147]
Jermaine Stewart,We Don't Have to Take Our Clothes Off (1986)[897][1156]
Timex Social Club,Rumors (1986)[953][1157]
Gavin Christopher,One Step Closer to You (1986)[245][1158]
Regina,Baby Love (1986)[1140][1159]
Berlin,Take My Breath Away (1986)[1160][1161]
Double,Captain of Her Heart (1986)[1162][1103][1147]
Gloria Loring,Friends and Lovers (1986)[897][1163]
Don Johnson,Heartbeat (1986)[1037][897]
"Oran ""Juice"" Jones",The Rain (1986)[897][1164]
Ric Ocasek,Emotion in Motion (1986)[1165][1166]
David & David,Welcome to the Boomtown (1986)[1167][299]
Timbuk 3,"The Future's So Bright, I Gotta Wear Shades (1986)[897][1168]"
Nancy Martinez,For Tonight (1986)[1169][368][1147]
Robbie Nevil,C'est La Vie (1987)[897][1170]
Gregory Abbott,Shake You Down (1987)[1171][1161][1172][125]
Billy Vera,At This Moment (1987)[897][901]
Benjamin Orr,Stay The Night (1987)[1173][64][749]
The Georgia Satellites,Keep Your Hands to Yourself (1987)[897][1174]
Chico DeBarge,Talk to Me (1987)[1143][299][1175]
Jeff Lorber ft. Karyn White,Facts of Love (1987)[368][1176][1143]
Bruce Willis,Respect Yourself (1987)[1037][897]
Cutting Crew,(I Just) Died in Your Arms (1987)[897][974]
The Communards,Don't Leave Me This Way (1987)[1147][1177]
Club Nouveau,Lean on Me (1987)[897][1041]
XTC,Dear God (1987)[897][912]
Hipsway,The Honeythief (1987)[1178][1179]
Robert Cray Band,Smoking Gun (1987)[1180][299]
World Party,Ship of Fools (1987)[1181][859]
Donna Allen,Serious (1987)[1182][34]
Chris de Burgh,The Lady in Red (1987)[897][912]
The Psychedelic Furs,Heartbreak Beat (1987)[337][1183]
Breakfast Club,Right on Track (1987)[1184][1185]
Company B,Fascinated (1987)[389][1186]
Paul Lekakis,Boom Boom (Let's Go Back to My Room) (1987)[897][912]
The System,Don't Disturb This Groove (1987)[1187][34]
Pseudo Echo,Funkytown (1987)[1188][34]
The Nylons,Kiss Him Goodbye (1987)[34][1189]
Yello,Oh Yeah (1987)[897][1190][575]
T'Pau,Heart and Soul (1987)[897][1191][1192]
Living in a Box,Living in a Box (1987)[1193][561][1194][1195]
Danny Wilson,Mary's Prayer (1987)[1196][1197]
Pretty Poison,Catch Me (I'm Falling) (1987)[72][897]
The Other Ones,Holiday (1987)[34][64]
LeVert,Casanova (1987)[1193][34]
Timothy B. Schmit,Boys Night Out (1987)[1198][304]
Wa Wa Nee,Sugar Free (1987)[1199][247]
Swing Out Sister,Breakout (1987)[1200][897]
Bill Medley and Jennifer Warnes,(I've Had) The Time of My Life (1987)[9][1201][1161]
Bourgeois Tagg,I Don't Mind At All (1987)[34][966]
Kane Gang,Motortown (1987)[1202][399]
Stryper,Honestly (1988)[1203][42]
Buster Poindexter,Hot Hot Hot (1988)[1204][1205]
MARRS,Pump Up The Volume (1988)[1206][1207]
Patrick Swayze,She's Like the Wind (1988)[208][1208]
Scarlett & Black,You Don't Know (1988)[34][1209]
Morris Day,Fishnet (1988)[1210][34]
Bryan Ferry,Kiss and Tell (1988)[1211][127]
Dan Reed Network,Ritual (1988)[34][337]
Suave,My Girl (1988)[1212][34]
Johnny Hates Jazz,Shattered Dreams (1988)[11][1213]
The Deele,Two Occasions (1988)[1214][1215][1216]
Times Two,Strange but True (1988)[1217][42]
E.U.,Da' Butt (1988)[897][587]
Brenda K. Starr,I Still Believe (1988)[968][1218]
Bardeux,When We Kiss (1988)[1219][36]
Brenda Russell,Piano in the Dark (1988)[1220][1221]
The Church,Under the Milky Way (1988)[1222][179][897][10]
J.J. Fad,Supersonic (1988)[978][897]
Midnight Oil,Beds Are Burning (1988)[897][1223][1224]
Ziggy Marley and The Melody Makers,Tomorrow People (1988)[897][368][1225]
Al B. Sure!,Nite and Day (1988)[1226][1218]
Jane Wiedlin,Rush Hour (1988)[1227][1228]
Climie Fisher,Love Changes (Everything) (1988)[1229][299]
Johnny Kemp,Just Got Paid (1988)[897][1230]
Denise Lopez,Sayin' Sorry (Don't Make It Right) (1988)[1231][368]
Bobby McFerrin,"Don't Worry, Be Happy (1988)[897][1232]"
Information Society,What's On Your Mind (Pure Energy) (1988)[897][1233]
Rob Base & DJ E-Z Rock,It Takes Two (1988)[897][912]
Giant Steps,Another Lover (1988)[1234][1235]
Vixen,Edge of a Broken Heart (1988)[897][962]
Will to Power,"Baby, I Love Your Way/Freebird Medley (1988)[897][1230]"
When in Rome,The Promise (1988)[1236][1237][161]
Ivan Neville,Not Just Another Girl (1988)[1238][64]
Judson Spence,"Yeah, Yeah, Yeah (1988)[34][304]"
Boy Meets Girl,Waiting for a Star to Fall (1988)[1239][1240][125]
Boys Club,I Remember Holding You (1989)[1235][1241]
Sheriff,When I'm with You (1989)[1242][1207]
Edie Brickell & New Bohemians,What I Am (1989)[1243][1244][897]
Kon Kan,I Beg Your Pardon (I Never Promised You a Rose Garden) (1989)[1245][1227]
Michael Damian,Rock On (1989)[897][1246]
Was (Not Was),Walk the Dinosaur (1989)[1240][1247]
Sa-Fire,Thinking of You (1989)[1248][1249]
The Belle Stars,Iko Iko (1989)[1250][1251]
One 2 Many,Downtown (1989)[34][1252]
Jimmy Harnen with Synch,Where Are You Now? (1989)[1253][1254][1255]
Roachford,Cuddly Toy (1989)[337][1256]
Waterfront,Cry (1989)[1254][1257]
Neneh Cherry,Buffalo Stance (1989)[897][1258]
Martika,Toy Soldiers (1989)[897][912]
Love and Rockets,So Alive (1989)[392][11]
Jeff Healey,Angel Eyes (1989)[1259][1260][897]
Grayson Hugh,Talk It Over (1989)[1261][1262][595]
Young MC,Bust a Move (1989)[1263][1264]
Sybil,Don't Make Me Over (1989)[1265][34]
Kix,Don't Close Your Eyes (1989)[1245][1266]
Jive Bunny & The Mastermixers,Swing the Mood (1990)[1245][1267]
Shana,I Want You (1990)[1268][304]
Technotronic,Pump Up the Jam (1990)[1269][1270]
Biz Markie,Just a Friend (1990)[161][1271]
D Mob ft. Cathy Dennis,C'mon and Get My Love (1990)[1272][34]
Alannah Myles,Black Velvet (1990)[897][1273][125]
Michael Penn,No Myth (1990)[1274][1275]
The Brat Pack,You're the Only Woman (1990)[1276][245]
Jane Child,Don't Wanna Fall in Love (1990)[1277][1278]
The U-Krew,If U Were Mine (1990)[1267][247]
Sinead O'Connor,Nothing Compares 2 U (1990)[208][1279][1280][10]
A'Me Lorain,Whole Wide World (1990)[1281][1282]
Calloway,I Wanna Be Rich (1990)[1283][1284][34]
Faster Pussycat,House of Pain (1990)[962][1107]
Electronic,Getting Away With It (1990)[1268][587]
Perfect Gentlemen,Ooh La La (I Can't Get Over You) (1990)[1284][1267]
Digital Underground,The Humpty Dance (1990)[1271][1285][1286]
Partners in Kryme,Turtle Power! (1990)[978][1287]
Giant,I'll See You in My Dreams (1990)[1288][1289]
Whistle,Always and Forever (1990)[34][247]
Brent Bourgeois,Dare to Fall in Love (1990)[34][36]
L.A. Guns,The Ballad of Jayne (1990)[897][962]
Louie Louie,Sittin' in the Lap of Luxury (1990)[1288][1267]
Mellow Man Ace,Mentirosa (1990)[978][1290]
George Lamond,Bad of the Heart (1990)[1268][399]
The Lightning Seeds,Pure (1990)[367][1291]
Tyler Collins,Girls Nite Out (1990)[1292][34]
Brother Beyond,The Girl I Used to Know (1990)[34][245]
Kyper,Tic-Tac-Toe (1990)[1276][1292]
Faith No More,Epic (1990)[1293][1268]
Indecent Obsession,Tell Me Something (1990)[1276][130]
The Adventures of Stevie V,Dirty Cash (Money Talks) (1990)[34][36]
Vanilla Ice,Ice Ice Baby (1990)[1294][1295][1296][1297]
Candyman,Knockin' Boots (1990)[978][1298]
Concrete Blonde,Joey (1990)[1299][606]
Deee-Lite,Groove Is in the Heart (1990)[1300][1301][1296]
Soho,Hippychick (1990)[1302][1303]
2 in a Room,Wiggle It (1990)[1271][593]
DNA,Tom's Diner (1990)[1287][1304][1305]
Urban Dance Squad,Deeper Shade of Soul (1991)[1306][1305]
Chris Isaak,Wicked Game (1991)[1307][1308][1309]
Timmy T,One More Try (1991)[1310][1161][125]
Oleta Adams,Get Here (1991)[1221][1311]
Susanna Hoffs,My Side of the Bed (1991)[34][130]
Lisette Melendez,Together Forever (1991)[34][368]
Londonbeat,I've Been Thinking About You (1991)[1312][1310][1161]
Gerardo,Rico Suave (1991)[1313][1314][1296]
Bingoboys ft. Princessa,How to Dance (1991)[1283][36]
Harriet,Temple of Love (1991)[1276][130]
Keedy,Save Some Love (1991)[1315][1276]
Monie Love,It's a Shame (My Sister) (1991)[1316][368]
Divinyls,I Touch Myself (1991)[1317][1318][1319][1320]
The Triplets,You Don't Have to Go Home Tonight (1991)[1317][34]
Riff,My Heart Is Failing Me (1991)[34][337]
LaTour,People Are Still Having Sex (1991)[34][399]
Queensrÿche,Silent Lucidity (1991)[1321][1322]
The Rude Boys,Written All Over Your Face (1991)[1323][1324][1325]
Kane Roberts,Does Anybody Really Fall in Love Anymore? (1991)[1276][337]
Lisa Fischer,How Can I Ease the Pain (1991)[1326][34]
Marc Cohn,Walking in Memphis (1991)[1327][1328][1329][1330]
Steelheart,I'll Never Let You Go (Angel Eyes) (1991)[1289][1331][1305]
Yo-Yo,You Can't Play with My Yo-Yo (1991)[1309][247]
David A. Stewart ft. Candy Dulfer,Lily Was Here (1991)[1287][1332][1309]
Keith Washington,Kissing You (1991)[1333][247]
EMF,Unbelievable (1991)[1334][200]
The La's,There She Goes (1991)[9][1120]
Corina,Temptation (1991)[1335][1336]
Desmond Child,Love on a Rooftop (1991)[1337][245]
3rd Bass,Pop Goes the Weasel (1991)[1271][1309]
Jomanda,Got a Love for You (1991)[1338][399]
TAMI Show,The Truth (1991)[1276][42]
Tim Dog,Fuck Compton (1991)[978][1339]
Siouxsie and the Banshees,Kiss Them for Me (1991)[170][749][1309]
Billy Falcon,Power Windows (1991)[1276][127]
Chesney Hawkes,The One and Only (1991)[1340][1310]
Jasmine Guy,Just Want to Hold You (1991)[1341][130]
Russ Irwin,My Heart Belongs to You (1991)[34][130]
Tony Terry,With You (1991)[1315][34]
Big Audio Dynamite II,Rush (1991)[1309][36]
Curtis Stigers,I Wonder Why (1991)[1287][34]
Angelica,Angel Baby (1992)[34][1342]
The Party,In My Dreams (1992)[34][64]
The Storm,I've Got a Lot to Learn About Love (1992)[34][42]
Kym Sims,Too Blind to See It (1992)[1343][304]
Right Said Fred,I'm Too Sexy (1992)[1344][1345][1296]
A Lighter Shade of Brown,On a Sunday Afternoon (1992)[1342][34]
The Shamen,Move Any Mountain (Progen 91) (1992)[34][304]
RTZ,Until Your Love Comes Back Around (1992)[34][337]
MC Brains,Oochie Coochie (1992)[978][1271]
Kris Kross,Jump (1992)[1346][1347]
Kathy Troccoli,Everything Changes (1992)[1348][34]
Chris Walker,Take Time (1992)[1342][247]
Cause and Effect,You Think You Know Her (1992)[34][752][1349]
Joe Public,Live and Learn (1992)[1350][1351][1349]
Lidell Townsell,Nu Nu (1992)[1342][34]
Sir Mix-A-Lot,Baby Got Back (1992)[1352][6][575][125][1297]
Billy Ray Cyrus,Achy Breaky Heart (1992)[1353][1354]
Rozalla,Everybody's Free (To Feel Good) (1992)[1349][337]
Tom Cochrane,Life Is a Highway (1992)[1355][1356]
Shakespears Sister,Stay (1992)[1342][1287]
The Soup Dragons,Divine Thing (1992)[1349][304]
House of Pain,Jump Around (1992)[1271][1357][1358]
k.d lang,Constant Craving (1992)[1349][399]
K.W.S.,Please Don't Go (1992)[1351][1359]
Charles & Eddie,Would I Lie To You? (1992)[1360][1361]
The Heights,How Do You Talk to an Angel (1992)[746][1362][238]
Trey Lorenz,Someone to Hold (1992)[1363][34]
Saigon Kick,Love Is On the Way (1992)[1351][1364]
Wreckx-n-Effect,Rump Shaker (1992)[1351][1349][1287]
Mad Cobra,Flex (1993)[1365][34]
N2Deep,Back to the Hotel (1993)[978][1366]
Dan Baird,I Love You Period (1993)[34][36]
The S.O.U.L. S.Y.S.T.E.M. ft. Michelle Visage,It's Gonna Be a Lovely Day (1993)[34][304]
Lo-Key?,I Got a Thang 4 Ya! (1993)[34][368]
Portrait,Here We Go Again! (1993)[1367][1368]
Boy Krazy,That's What Love Can Do (1993)[1365][34]
Digable Planets,Rebirth of Slick (Cool Like Dat) (1993)[1271][1369][1370]
Snow,Informer (1993)[1074][1371]
Positive K,I Got a Man (1993)[978][1298]
Spin Doctors,Two Princes (1993)[1372][1354]
Paperboy,Ditty (1993)[978][1271]
Sunscreem,Love U More (1993)[34][1365]
Joey Lawrence,Nothin' My Love Can't Fix (1993)[1373][1365]
Tasmin Archer,Sleeping Satellite (1993)[1369][1374]
Robin S.,Show Me Love (1993)[1375][1287]
Green Jellÿ,Three Little Pigs (1993)[1306][606][1369]
Captain Hollywood Project,More and More (1993)[1365][34]
Duice,Dazzey Duks (1993)[978][1271]
Tag Team,Whoomp! (There It Is) (1993)[978][1271][1370]
U.N.V.,Something's Goin' On (1993)[1365][1376]
95 South,"Whoot, There It Is (1993)[978][1271]"
4 Non Blondes,What's Up? (1993)[1377][306][575][1296]
Fu-Schnickens,What's Up Doc? (Can We Rock) (1993)[1271][34]
The Proclaimers,I'm Gonna Be (500 Miles) (1993)[9][1378]
Onyx,Slam (1993)[1271][1287]
Soul Asylum,Runaway Train (1993)[606][214]
Cypress Hill,Insane in the Brain (1993)[1379][1305]
Haddaway,What Is Love (1993)[179][1269][1357]
Blind Melon,No Rain (1993)[161][1322][1357]
Intro,Come Inside (1993)[34][1380]
DRS,Gangsta Lean (1993)[1325][1287]
K7,Come Baby Come (1993)[1342][1287]
Culture Beat,Mr. Vain (1994)[1381][34]
Gabrielle,Dreams (1994)[34][1382]
Queen Latifah,U.N.I.T.Y. (1994)[34][1383]
The Breeders,Cannonball (1994)[1357][1322]
Us3,Cantaloop (Flip Fantasia) (1994)[1360][1384]
Eternal,Stay (1994)[1385][34]
Crash Test Dummies,Mmm Mmm Mmm Mmm (1994)[1386][1387][1388]
12 Gauge,Dunkie Butt (1994)[978][1298]
Beck,Loser (1994)[6][34]
Big Mountain,"Baby, I Love Your Way (1994)[125][1287]"
Ahmad,Back in the Day (1994)[978][1298]
Lisa Loeb,Stay (I Missed You) (1994)[1306][1389]
The Puppies,Funky Y-2-C (1994)[34][1382]
Public Enemy,Give It Up (1994)[34][1390]
The Lady of Rage,Afro Puffs (1994)[1391][978][1392]
Meshell Ndegeocello,Wild Night (1994)[1393][34]
Candlebox,Far Behind (1994)[1322][1394]
Lucas,Lucas with the Lid Off (1994)[34][1382]
B.M.U. (Black Men United),U Will Know (1994)[34][1395]
Ini Kamoze,Here Comes the Hotstepper (1994)[1271][1368]
20 Fingers ft. Gillette,Short Dick Man (1995)[1396][34]
Deadeye Dick,New Age Girl (1995)[1397][1398]
Corona,The Rhythm of the Night (1995)[1399][1400]
4 P.M.,Sukiyaki (1995)[1287][1396]
Des'ree,You Gotta Be (1995)[1401][1402][1297]
Subway,This Lil' Game We Play (1995)[1403][34]
Jamie Walters,Hold On (1995)[1404][34]
Dionne Farris,I Know (1995)[1405][81]
Adina Howard,Freak like Me (1995)[1406][1407][1297]
Martin Page,In the House of Stone and Light (1995)[1408][1368][1409]
Rednex,Cotton Eye Joe (1995)[1410][1074]
Nicki French,Total Eclipse of the Heart (1995)[1411][1368]
Better Than Ezra,Good (1995)[1306][1412][1413]
MoKenStef,He's Mine (1995)[1297][1414]
Skee-Lo,I Wish (1995)[978][1298]
Luniz ft. Michael Marshall,I Got 5 on It (1995)[1415][1416]
Silverchair,Tomorrow (1995)[1417][1305]
The Rembrandts,I'll Be There For You (1995)[9][1120][1357]
Del Amitri,Roll to Me (1995)[1418][1360]
Groove Theory,Tell Me (1995)[1370][1287]
Take That,Back for Good (1995)[1419][1360][1368]
Edwyn Collins,A Girl Like You (1995)[1287][1420]
Toadies,Possum Kingdom (1995)[105][1322][1357]
Deep Blue Something,Breakfast at Tiffany's (1996)[1421][1357]
Joan Osborne,One of Us (1996)[1422][1423]
The Folk Implosion,Natural One (1996)[1424][1425]
Everything but the Girl,Missing (1996)[1200][187]
3T,Anything (1996)[1426][34]
Seven Mary Three,Cumbersome (1996)[1413][1394]
Oasis,Wonderwall (1996)[1427][34]
The Tony Rich Project,Nobody Knows (1996)[1428][1360]
Chantay Savage,I Will Survive (1996)[34][1429]
The Nixons,Sister (1996)[1322][1430]
Nonchalant,5 O'Clock (1996)[978][1298]
Spacehog,In the Meantime (1996)[344][1357]
BoDeans,Closer to Free (1996)[1431][34]
Jann Arden,Insensitive (1996)[1368][34]
Dog's Eye View,Everything Falls Apart (1996)[1432][1426]
Jars of Clay,Flood (1996)[1322][1394]
Tracy Bonham,Mother Mother (1996)[1433][34]
Crucial Conflict,Hay (1996)[978][1271]
Los Del Rio,Macarena (1996)[9][1434][1435][1436][1437][1161][746][10][1358][1438]
Quad City DJ's,C'mon N' Ride It (The Train) (1996)[1439][1440]
Butthole Surfers,Pepper (1996)[1306][606]
Dishwalla,Counting Blue Cars (1996)[1422][1441][1442][1443][1444][1445]
Ghost Town DJ's,My Boo (1996)[1446][1297]
Donna Lewis,I Love You Always Forever (1996)[1360][1447]
Primitive Radio Gods,Standing Outside a Broken Phone Booth with Money in My Hand (1996)[274][1357]
Eels,Novocaine for the Soul (1996)[1306][1448]
Merril Bainbridge,Mouth (1996)[1449][1438]
Camp Lo,Luchini AKA This Is It (1997)[1298][978]
Gina G,Ooh Aah... Just a Little Bit (1997)[1450][34]
The Cardigans,Lovefool (1997)[1451][1452]
Tracey Lee,The Theme (It's Party Time) (1997)[978][1298]
DJ Kool,Let Me Clear My Throat (1997)[1453][1454]
Luscious Jackson,Naked Eye (1997)[1455][1456]
B-Rock and the Bizz,My Baby Daddy (1997)[978][1366]
White Town,Your Woman (1997)[200][1357]
Duncan Sheik,Barely Breathing (1997)[274][1457][575]
Freak Nasty,Da' Dip (1997)[1458][978][1271]
The Wallflowers,One Headlight (1997)[1459][9]
Hanson,MMMBop (1997)[9][1044]
Mark Morrison,Return of the Mack (1997)[1460][1461][1462][1297]
The Verve Pipe,The Freshmen (1997)[1357][1322]
Bob Carlisle,Butterfly Kisses (1997)[1463][1464]
Meredith Brooks,Bitch (1997)[9][306]
OMC,How Bizarre (1997)[1357][1465]
Shawn Colvin,Sunny Came Home (1997)[779][1466]
Sister Hazel,All for You (1997)[1467][1368]
Aqua,Barbie Girl (1997)[1468][1451][1469]
Mr. President,Coco Jamboo (1997)[34][1470]
The Mighty Mighty Bosstones,The Impression That I Get (1997)[1471][1306]
Imani Coppola,Legend of a Cowgirl (1997)[1360][1470]
Somethin' for the People,My Love Is the Shhh! (1997)[1472][1473]
Chumbawamba,Tubthumping (1997)[9][1357][1296][10]
Fiona Apple,Criminal (1997)[1451][208]
LSG,My Body (1997)[1474][34]
Tonic,If You Could Only See (1997)[1438][1475]
Nu Flavor,Heaven (1998)[34][1476]
Alana Davis,32 Flavors (1998)[1477][34]
Uncle Sam,I Don't Ever Want to See You Again (1998)[1478][34]
Billie Myers,Kiss the Rain (1998)[1360][1354]
Ben Folds Five,Brick (1998)[1479][1431]
K.P. & Envyi,Swing My Way (1998)[1366][1480]
Jimmy Ray,Are You Jimmy Ray? (1998)[1360][1287]
Loreena McKennitt,The Mummers' Dance (1998)[34][1478]
Lord Tariq and Peter Gunz,Deja Vu (Uptown Baby) (1998)[978][1298][1297]
The Verve,Bitter Sweet Symphony (1998)[9][876][1357]
Sylk-E. Fyne ft. Chill,Romeo and Juliet (1998)[34][238]
Marcy Playground,Sex and Candy (1998)[81][1357]
Canibus,Second Round K.O. (1998)[978][1481]
Playa,Cheers 2 U (1998)[34][1482]
Link,Whatcha Gone Do? (1998)[34][1483]
Imajin ft. Keith Murray,Shorty (You Keep Playin' with My Mind) (1998)[1484][1478]
Nicole ft. Mocha,Make It Hot (1998)[1485][1486][1368]
Five,When the Lights Go Out (1998)[1360][1354]
Cleopatra,Cleopatra's Theme (1998)[1287][1478]
Semisonic,Closing Time (1998)[1487][392][1357]
Harvey Danger,Flagpole Sitta (1998)[179][1322][1357]
Jennifer Paige,Crush (1998)[1360][1488]
Tatyana Ali,Daydreamin' (1998)[224][1360]
Pressha,Splackavellie (1998)[1489][1478]
TQ,Westside (1998)[1490][1287]
Natalie Imbruglia,Torn (1998)[179][1357][1280]
Eve 6,Inside Out (1998)[1306][1491]
Shawn Mullins,Lullaby (1999)[1492][1493][1494]
Eagle-Eye Cherry,Save Tonight (1999)[306][1357]
New Radicals,You Get What You Give (1999)[5][1322][1357]
Jesse Powell,You (1999)[1483][1495]
Joey McIntyre,Stay the Same (1999)[1496][34]
B*Witched,C'est la Vie (1999)[1353][1287]
Baz Luhrmann,Everybody's Free (To Wear Sunscreen) (1999)[1357][1497]
Vengaboys,We Like to Party! (1999)[1498][1499]
Sixpence None the Richer,Kiss Me (1999)[1500][1501]
Jordan Knight,Give It to You (1999)[1502][1499]
Everlast,What It's Like (1999)[1368][34]
Lit,My Own Worst Enemy (1999)[1503][1504]
Sporty Thievz,No Pigeons (1999)[978][1298]
Eric Benét,Spend My Life with You (1999)[1505][34]
Citizen King,Better Days (And the Bottom Drops Out) (1999)[1506][1507]
LFO,Summer Girls (1999)[1508][1509]
Tal Bachman,She's So High (1999)[1459][1510]
Chely Wright,Single White Female (1999)[1511][1512]
Lil' Troy,Wanna Be a Baller (1999)[978][1298]
Lou Bega,Mambo No. 5 (1999)[1357][1513][10]
Len,Steal My Sunshine (1999)[200][1357]
B.G.,Bling Bling (1999)[34][1271]
Ideal,Get Gone (1999)[1514][1515]
Kevon Edmonds,24/7 (1999)[1516][34]
Eiffel 65,Blue (Da Ba Dee) (2000)[1517][1074]
Filter,Take a Picture (2000)[1518][34]
The Product G&B,Maria Maria (2000)[1519][1520]
Hoku,Another Dumb Blonde (2000)[1469][1521]
Bloodhound Gang,The Bad Touch (2000)[1074][1354]
Sonique,It Feels So Good (2000)[1522][1523]
504 Boyz,Wobble Wobble (2000)[1524][34]
Carl Thomas,I Wish (2000)[1525][34]
Mary Mary,Shackles (Praise You) (2000)[1526][34]
Macy Gray,I Try (2000)[208][344][10]
Alice Deejay,Better Off Alone (2000)[1269][1527]
Westlife,Swear It Again (2000)[1528][1529]
Wheatus,Teenage Dirtbag (2000)[1530][1531]
Nine Days,Absolutely (Story of a Girl) (2000)[1532][1533]
SR-71,Right Now (2000)[1534][1535][1536][1533]
BBMak,Back Here (2000)[1459][1537]
Zombie Nation,Kernkraft 400 (2000)[1269][1538]
Ruff Endz,No More (2000)[1535][1539]
soulDecision,Faded (2000)[1540][1535][1541]
Baha Men,Who Let the Dogs Out? (2000)[1513][1542]
Profyle,Liar (2000)[1543][1529]
Samantha Mumba,Gotta Tell You (2000)[1544][1545]
Dream,He Loves U Not (2000)[1545][1546]
Debelah Morgan,Dance with Me (2001)[1535][1547]
Mikaila,So in Love with Two (2001)[1535][1548]
DJ Casper AKA Mr C The Slide Man,Cha Cha Slide (2001)[1549][1550][1551]
Lee Ann Womack,I Hope You Dance (2001)[1552][1553]
Evan and Jaron,Crazy for This Girl (2001)[1535][1554][1459]
Crazy Town,Butterfly (2001)[1555][1556][1557]
Eden's Crush,Get Over Yourself (2001)[1532][1546]
ATC,Around the World (La La La La La) (2001)[1074][1558]
Modjo,Lady (Hear Me Tonight) (2001)[81][1559]
3LW,No More (Baby I'ma Do Right) (2001)[1560][1561]
Jessica Andrews,Who I Am (2001)[1562][1563]
S Club 7,Never Had a Dream Come True (2001)[1564][1565]
Sunshine Anderson,Heard It All Before (2001)[1297][1566]
City High,What Would You Do? (2001)[1567][1568]
Moby,South Side (2001)[1569][34]
Lil Romeo,My Baby (2001)[1570][1571]
Blu Cantrell,Hit 'Em Up Style (Oops!) (2001)[1545][1572][1297]
American Hi-Fi,Flavor of the Weak (2001)[1573][1574][1575]
Willa Ford,I Wanna Be Bad (2001)[1545][1576]
Darude,Sandstorm (2001)[1577][1578]
Afroman,Because I Got High (2001)[9][1544]
Cyndi Thomson,What I Really Meant to Say (2001)[1579][1580]
Lee Greenwood,God Bless the U.S.A. (2001)[1581][34]
Alien Ant Farm,Smooth Criminal (2001)[1541][1582]
The Calling,Wherever You Will Go (2002)[1583][1533][125]
Phantom Planet,California (2002)[1584][1585]
Tweet,Oops (Oh My) (2002)[1459][1545]
Tommy Shane Steiner,What If She's an Angel (2002)[1586][1587]
Vanessa Carlton,A Thousand Miles (2002)[1588][1589]
Steve Azar,I Don't Have to Be Me ('til Monday) (2002)[1590][1591]
Truth Hurts,Addictive (2002)[1544][1572]
Default,Wasting My Time (2002)[1592][1535][1593]
Jimmy Eat World,The Middle (2002)[1594][1525]
Dirty Vegas,Days Go By (2002)[1595][1596]
Big Tymers,Still Fly (2002)[1597][1535]
Khia,"My Neck, My Back (Lick It) (2002)[978][1598]"
DJ Sammy,Heaven (2002)[1557][1269][1599]
Angie Martinez ft. Sacario,If I Could Go! (2002)[1544][1600]
Las Ketchup,The Ketchup Song (Aserejé) (2002)[1074][1508]
Smilez and Southstar,Tell Me (2003)[978][1532][1297]
JC Chasez,Blowin' Me Up (With Her Love) (2003)[1074][1544]
t.A.T.u.,All The Things She Said (2003)[1546][1459]
Norah Jones,Don't Know Why (2003)[1601][34]
Amanda Perez,Angel (2003)[1535][1602]
Wayne Wonder,No Letting Go (2003)[125][1603]
Bone Crusher,Never Scared (2003)[978][1572]
Lumidee,"Never Leave You (Uh Oooh, Uh Oooh) (2003)[1544][1604][1297]"
Junior Senior,Move Your Feet (2003)[1074][1605]
The Ataris,The Boys of Summer (2003)[1606][1544]
YoungBloodZ,Damn! (2003)[1607][1608]
Trapt,Headstrong (2003)[1609][1610]
Fountains of Wayne,Stacy's Mom (2003)[1545][1611]
Fefe Dobson,Take Me Away (2003)[1545][1280]
Stacie Orrico,(There's Gotta Be) More To Life (2003)[1612][34]
Nick Cannon,Gigolo (2004)[1613][34]
Eamon,Fuck It (I Don't Want You Back) (2004)[1535][34]
The Darkness,I Believe in a Thing Called Love (2004)[187][1614]
J-Kwon,Tipsy (2004)[978][1572][1297]
Mario Winans,I Don't Wanna Know (2004)[1535][1615]
Jet,Are You Gonna Be My Girl (2004)[1616][1617]
Hoobastank,The Reason (2004)[1618][1619][125]
Yellowcard,Ocean Avenue (2004)[1620][1621]
Diana DeGarmo,Dreams (2004)[1622][34]
Nina Sky,Move Ya Body (2004)[1623][1624][1535]
Kevin Lyttle,Turn Me On (2004)[1583][1545]
Houston,I Like That (2004)[1625][1626]
Terror Squad,Lean Back (2004)[1535][1627]
Los Lonely Boys,Heaven (2004)[1628][1629]
O-Zone,Dragostea Din Tei (2004)[1269][1630]
Modest Mouse,Float On (2004)[1631][1632]
Franz Ferdinand,Take Me Out (2004)[1633][1617]
Bowling for Soup,1985 (2004)[1594][1525]
Rupee,Tempted to Touch (2004)[1535][1634]
Trillville,Some Cut (2005)[34][1635]
Caesars,Jerk It Out (2005)[1636][1637]
Amerie,1 Thing (2005)The time allocated for running scripts has expired.The time allocated for running scripts has expired.[1638]
Brooke Valentine,Girlfight (2005)[1639][1640]
Howie Day,Collide (2005)The time allocated for running scripts has expired.The time allocated for running scripts has expired.[1641]
Bo Bice,Inside Your Heaven (2005)[1642][1643]
Natalie,Goin' Crazy (2005)The time allocated for running scripts has expired.The time allocated for running scripts has expired.[34]
D.H.T.,Listen to Your Heart (2005)[125][1644]
The Click Five,Just the Girl (2005)The time allocated for running scripts has expired.The time allocated for running scripts has expired.The time allocated for running scripts has expired.The time allocated for running scripts has expired.
Crazy Frog,Axel F (2005)The time allocated for running scripts has expired.The time allocated for running scripts has expired.The time allocated for running scripts has expired.The time allocated for running scripts has expired.
D4L,Laffy Taffy (2006)[1542][1645]
James Blunt,You're Beautiful (2006)[1646][34]
Daniel Powter,Bad Day (2006)[1513][1583][125]
Nick Lachey,What's Left of Me (2006)[1647][1648][1649][34]
Teddy Geiger,For You I Will (Confidence) (2006)[1650][34]
Chamillionaire,Ridin' (2006)[1651][1652]
Fort Minor ft. Holly Brook,Where'd You Go (2006)[34][1653]
The Wreckers,Leave the Pieces (2006)[1654][1655]
Taylor Hicks,Do I Make You Proud (2006)[1656][34]
Paris Hilton,Stars Are Blind (2006)[1657][1658]
Gnarls Barkley,Crazy (2006)[1533]The time allocated for running scripts has expired.The time allocated for running scripts has expired.
Cassie,Me & U (2006)The time allocated for running scripts has expired.The time allocated for running scripts has expired.[1659]
Young Dro,Shoulder Lean (2006)The time allocated for running scripts has expired.The time allocated for running scripts has expired.[1660]
Brooke Hogan,About Us (2006)The time allocated for running scripts has expired.The time allocated for running scripts has expired.[1650]
Cherish ft. Sean P,Do It to It (2006)The time allocated for running scripts has expired.The time allocated for running scripts has expired.[1661]
The Pack,Vans (2006)The time allocated for running scripts has expired.The time allocated for running scripts has expired.[1660]
Corinne Bailey Rae,Put Your Records On (2006)[1662][1663]
Peter Bjorn and John,Young Folks (2006)[1525][1633][1617]
Hinder,Lips of an Angel (2006)The time allocated for running scripts has expired.The time allocated for running scripts has expired.The time allocated for running scripts has expired.The time allocated for running scripts has expired.
Snow Patrol,Chasing Cars (2006)[1533][1664]
Jibbs,Chain Hang Low (2006)The time allocated for running scripts has expired.The time allocated for running scripts has expired.[1660][1297]
DJ Webstar and Young B.,Chicken Noodle Soup (2006)The time allocated for running scripts has expired.The time allocated for running scripts has expired.[1660][1297]
Heartland,I Loved Her First (2006)[1665][1666][1667]
Corbin Bleu,Push It to the Limit (2007)[1668]The time allocated for running scripts has expired.The time allocated for running scripts has expired.
Hellogoodbye,Here (In Your Arms) (2007)[34]The time allocated for running scripts has expired.The time allocated for running scripts has expired.
Augustana,Boston (2007)The time allocated for running scripts has expired.The time allocated for running scripts has expired.[1669]
Mims,This Is Why I'm Hot (2007)The time allocated for running scripts has expired.The time allocated for running scripts has expired.[1542][1297]
Rich Boy,Throw Some D's (2007)[1572][1645]
The Red Jumpsuit Apparatus,Face Down (2007)[1670][34]
Huey,"Pop, Lock & Drop It (2007)The time allocated for running scripts has expired.The time allocated for running scripts has expired.The time allocated for running scripts has expired.The time allocated for running scripts has expired.[1297]"
Shop Boyz,Party Like a Rockstar (2007)The time allocated for running scripts has expired.The time allocated for running scripts has expired.[125][1297]
Plain White T's,Hey There Delilah (2007)[1671][1672][1673]
Hurricane Chris,A Bay Bay (2007)The time allocated for running scripts has expired.The time allocated for running scripts has expired.[1674]
Cupid,Cupid Shuffle (2007)The time allocated for running scripts has expired.The time allocated for running scripts has expired.[1675][1120]
Elliott Yamin,Wait For You (2007)[34][1676]
Kat DeLuna,Whine Up (2007)[1594][1433]
J. Holiday,Bed (2007)[1677][1297]
Feist,1234 (2007)[1541][1633]
Playaz Circle,Duffle Bag Boy (2007)[1678][34]
Yael Naim,New Soul (2008)
Metro Station,Shake It (2008)
Flobots,Handlebars (2008)
Shwayze,Corona and Lime (2008)
Estelle,American Boy (2008)
Saving Abel,Addicted (2008)
The Veronicas,Untouched (2009)[34]
GS Boyz,Stanky Legg (2009)
Asher Roth,I Love College (2009)
Kristinia DeBarge,Goodbye (2009)[1681]
The Ting Tings,That's Not My Name (2009)[1433]
Michael Franti & Spearhead,Say Hey (I Love You) (2009)